ARA,L10SLA,WSG,MaxH,L10SM
sensitive,-1.012945766,-0.916936211,-0.073678466,1.16793434
sensitive,0.067991716,-0.43716425,0.97625111,0.199036926
sensitive,-0.440427875,-0.077124738,0.832501593,0.83764289
sensitive,-0.744800435,-0.000212987,0.098278145,0.776465005
sensitive,,1.142929421,-0.468798293,0.66130455
sensitive,0.738923622,-0.796962582,0.396161815,0.526161828
sensitive,,0.287373991,0.443196078,0.493811662
sensitive,1.42782157,0.708312101,2.261227148,0.403886269
sensitive,1.477639894,0.287373991,-1.052493505,0.231029668
sensitive,0.259033864,0.222831417,0.991929154,0.216830951
sensitive,-0.011572445,0.324042377,0.944894891,-1.298663535
sensitive,0.382180165,-1.382871188,1.368203278,-2.637242181
sensitive,,-2.413146893,1.253753224,-4.311243556
sensitive,,1.230585622,-0.481811106,1.197248275
sensitive,1.242932171,-0.978765639,0.458881923,1.796332697
sensitive,0.519596794,-1.012482887,-0.098481857,0.865516093
sensitive,-0.858211951,0.125733757,1.02328533,0.082666537
sensitive,0.331802032,-1.488648077,1.547560588,-0.228127273
sensitive,-0.261091727,-1.0932173,0.10141751,-1.778021143
sensitive,0.073853629,-0.836172877,-0.311290657,0.788962629
sensitive,0.952053977,-1.075342984,0.989596473,0.626581632
sensitive,-0.026675423,0.551930986,-0.599396765,0.384105027
sensitive,1.47867219,-0.772267544,1.396449197,-0.766674552
sensitive,0.193603215,0.47273099,0.490230349,1.395988082
sensitive,-1.015307387,2.186646746,0.521586518,1.92910138
sensitive,0.445506674,0.922923998,0.239380936,0.565456828
sensitive,-0.587263397,1.97492608,-0.579258379,-0.333735229
sensitive,,-0.319766953,0.05124859,-0.499100807
sensitive,-0.162425197,-0.028052937,0.458881923,-1.516423471
sensitive,1.073569699,0.476705393,0.760285805,0.693742658
sensitive,0.442200637,-0.836172877,0.41497552,0.467776619
sensitive,0.363429557,0.204249581,0.239380936,0.453577227
sensitive,1.25714497,-0.312035966,0.03368498,-1.129468575
sensitive,,1.230585622,-0.514722402,1.311994232
sensitive,-2.62004398,0.720112007,0.239380936,0.636836481
sensitive,,0.940669939,-1.01486119,0.636836481
sensitive,,1.226911359,-0.340708315,0.629305658
sensitive,,-0.732077082,0.223050539,0.533627102
sensitive,0.035730883,0.204249581,0.333449483,0.071842825
sensitive,-1.168433825,0.720112007,-0.998750311,-0.088042406
sensitive,-1.085076928,0.401869157,0.302093288,-1.735867927
sensitive,,-0.659247549,0.239380936,-1.918870408
sensitive,-0.02647611,-1.33161874,1.258456648,0.555797669
sensitive,0.95136309,1.513145811,0.066922043,0.453577227
sensitive,-0.983319531,-0.490175761,-0.779694776,-0.140780233
sensitive,-0.261937119,0.476705393,-0.930787752,-0.272480227
sensitive,1.362323729,0.233551948,-0.073678466,-0.143132001
sensitive,,0.460070228,-0.68248986,0.23469788
sensitive,1.042755989,-1.070350099,1.666086933,-0.073362064
sensitive,1.76872699,0.204249581,-0.51254307,-1.179007255
sensitive,-0.455038746,0.302530449,-0.707574967,0.339194837
sensitive,-0.021796547,0.102161222,0.318577503,-0.263888298
sensitive,0.419436702,0.32468569,-0.514045255,-0.423041969
sensitive,-1.147406741,0.682558656,-0.407810465,-1.791524908
sensitive,0.292681654,-1.426151068,0.239380936,-0.867787207
sensitive,0.493124127,-0.763900291,-0.206703995,-0.616792516
sensitive,-1.276503663,0.076343687,-0.073678466,-0.107014696
sensitive,0.179870655,-1.51222062,-0.121021102,0.594180942
sensitive,0.215420461,-0.86962741,0.589119161,0.562641051
sensitive,-0.003419349,0.155770962,0.239380936,0.095116743
sensitive,,-0.43716425,1.02328533,0.199036926
sensitive,,0.704944597,0.223050539,-1.784080833
sensitive,0.068950973,1.169660328,-0.168249343,1.233124328
sensitive,1.779926297,0.204249581,0.944894891,0.465770619
sensitive,1.98857519,1.480220022,0.472219573,-1.516423471
sensitive,0.473039874,0.460070228,-0.279551085,0.23469788
sensitive,,0.204249581,-1.01486119,-0.948525204
sensitive,-0.831958284,1.300960741,-0.541480655,-1.234233453
Rare,0.295852875,1.279933796,0.788119897,1.567128956
Rare,-0.46004944,1.230585622,-0.424361984,1.311994232
Rare,-0.127016451,-0.735023007,0.615655045,1.231945972
Rare,,0.00318694,-0.654270073,1.222047165
Rare,1.141423881,-0.225140168,0.458881923,1.233124328
Rare,0.575561085,-0.026925852,-0.206703995,1.94997913
Rare,-1.934645209,-0.43716425,-0.26943945,0.199036926
Rare,,-1.295353301,-0.309352139,0.199036926
Rare,0.242697085,-0.53204918,2.59319501,0.100595898
Rare,1.197960925,-0.883664271,-0.133756805,0.779099067
Rare,-1.072662168,1.116729878,1.02328533,0.652714943
Rare,-1.031896447,1.460949443,-0.073678466,0.488971579
Rare,,1.352245962,0.659405901,0.467776619
Rare,0.143997227,-0.029170863,1.553230076,0.275668991
Rare,1.333866605,1.48668681,1.380745733,0.124142429
Rare,-0.867675119,0.105042788,0.239380936,-0.062189266
Rare,-0.455509845,-1.595734692,1.258456648,-0.3252881
Rare,0.219399836,0.547857116,0.239380936,-0.526840039
Rare,-0.736892206,-0.917720213,-0.544523457,-0.867738198
Rare,0.084636336,-0.963092823,-0.124350702,-0.86807047
Rare,0.417103293,1.513145811,0.239380936,-1.848157934
Rare,-0.283241875,0.300844011,-0.450454855,-2.284039448
Rare,,1.230585622,-0.549447464,2.005893643
Rare,0.442200637,1.917246363,1.02328533,1.56876715
Rare,,0.557861188,1.23971294,1.226822632
Rare,-0.51240754,-0.262988759,-1.40681829,
Rare,,-0.633033616,-0.152571261,0.669009238
Rare,0.349538055,0.263913709,2.017903225,0.383108173
Rare,-0.610538018,-0.43716425,-0.638591985,0.199036926
Rare,,-0.43716425,0.832501593,0.199036926
Rare,,1.647846033,1.757019851,0.882482758
Rare,1.729184497,3.93500373,-1.01486119,0.869282444
Rare,,-0.317101178,-0.01146847,0.865516093
Rare,-0.600380333,0.031949017,0.239380936,0.712042059
Rare,,1.380767386,-0.417570149,0.66130455
Rare,-0.762365844,-0.513758989,0.396161815,0.587010058
Rare,-2.202034672,0.720112007,-0.01146847,0.636836481
Rare,-0.756510427,-0.818384668,-0.136893173,0.614570424
Rare,-0.254555789,0.15960095,0.4914175,0.576511254
Rare,0.897566596,-0.965417948,-0.419098754,0.502282533
Rare,,0.2853537,1.02328533,0.482555735
Rare,,1.715273442,0.07632883,0.482555735
Rare,,0.300844011,-0.311290657,0.408938579
Rare,,0.309671213,0.552942694,0.332215119
Rare,-2.166936108,1.901755833,-0.058502687,0.254975468
Rare,1.761633753,-1.031835746,2.59110092,0.10382602
Rare,-0.245406747,-0.75600034,0.396161815,-0.838129259
Rare,,-1.32811681,0.64140084,-0.494128512
Rare,-0.131895871,-1.321818199,-0.309352139,-0.86807047
Rare,,-1.100038022,-0.099240223,-0.86807047
Rare,,0.074809313,-1.328348765,-1.617322811
Rare,,0.384222417,-1.160423801,-2.284039448
Rare,,-1.548323943,-0.042824645,
Rare,-1.426895293,0.704944597,-0.2309617,0.313089151
Rare,0.446937033,-0.015700667,0.255059024,0.067598792
Rare,,0.166143821,0.239380936,0.864739023
Rare,-0.243016047,0.403904396,0.239380936,0.292196775
Rare,0.073551948,-0.987889286,-0.901356721,-0.189292882
Rare,-1.846194026,-0.041815576,-0.356384283,-1.617322811
Rare,,0.704944597,-0.516302899,0.229255059
Rare,0.514171736,0.70637205,1.869636918,0.316222019
Rare,-0.26680653,1.912065577,1.867048085,-0.091182777
Rare,2.315083712,-1.496031166,1.10167584,-0.345897977
Rare,0.457372582,0.286622781,-0.951407675,1.206938096
Rare,,-0.694044771,1.02328533,0.781118722
Rare,,0.460070228,-0.951407675,0.23469788
Rare,0.086351957,1.477872735,-0.622913897,-0.114901179
Rare,,-1.046157944,0.678406886,-0.271010451
Rare,-0.731574519,-0.897987666,0.318577503,-0.278306742
Rare,1.194966551,0.166143821,-0.544523457,0.854111995
Rare,,-0.694044771,-0.544523457,0.781118722
Rare,,-0.453477084,0.525220224,0.712794776
Rare,,0.720112007,0.019887706,0.636836481
Rare,,0.720112007,-0.654270073,0.636836481
Rare,,-0.743079371,0.239380936,0.581310655
Rare,,-0.629085321,0.302093288,0.469037241
Rare,0.033199664,0.529834343,0.239380936,0.427700093
Rare,,1.607871879,0.615655045,0.355879564
Rare,-1.774613919,0.252052231,-0.200476704,0.293119978
Rare,,1.427360421,-1.003723174,0.276836072
Rare,,-0.968994896,-0.680097424,0.151627465
Rare,-1.060677709,0.999601361,0.552942694,0.153494874
Rare,-2.618178736,0.232121136,-0.2309617,0.128887555
Rare,-0.531869821,3.506013338,-0.042824645,-0.169438424
Rare,,-0.836172877,-1.136450809,-0.213214245
Rare,-0.740274797,1.715273442,-0.403420667,-0.215414441
Rare,,-0.021955383,-1.036815417,-0.535365209
Rare,,-0.319766953,0.086616973,-0.499100807
Rare,1.377542321,-0.831694736,0.082600058,-0.502934297
Rare,,-0.831694736,-0.951407675,-0.502934297
Rare,,0.204249581,0.239380936,2.385969249
Rare,,1.235260007,0.082600058,2.002050071
Rare,,-1.238995061,-2.112292702,1.824415667
Rare,-0.255865516,0.435544206,-0.01146847,1.809672944
Rare,,-0.347723758,0.866505259,1.532618956
Rare,,1.230585622,-0.168249343,1.311994232
Rare,,1.230585622,-1.203003145,1.311994232
Rare,,1.637711229,-0.200476704,1.269319134
Rare,-1.886092221,1.715273442,-0.998750311,1.184227749
Rare,,-0.225140168,-0.76401668,1.233124328
Rare,-1.850642036,0.637660918,-0.168249343,1.472351199
Rare,,-0.278366778,-1.138476971,0.802785134
Rare,,-0.799813196,0.239380936,0.781118722
Rare,-2.45120352,-0.633033616,-1.422494024,0.779099067
Rare,,-0.633033616,-1.673338097,0.779099067
Rare,,-0.268264311,0.519258114,0.751569138
Rare,-0.416496352,1.243745378,-0.309352139,0.733501288
Rare,,0.00318694,-2.269113124,0.716517669
Rare,0.46754569,1.772627101,0.239380936,0.636836481
Rare,,0.720112007,0.760381295,0.636836481
Rare,,0.720112007,-1.672413027,0.636836481
Rare,0.958777202,-2.384236361,0.4914175,0.614214563
Rare,0.788634114,0.684739594,-0.96778779,0.532720686
Rare,1.748659727,0.401869157,0.545122684,0.528695084
Rare,,1.512023343,-0.228294504,0.486765975
Rare,,0.772359764,-1.037059956,0.482555735
Rare,,-0.629085321,-0.152571261,0.469037241
Rare,-0.838006178,0.216319638,-1.178307151,0.395785037
Rare,-0.018516496,0.327784049,-0.309352139,0.365740484
Rare,-0.875439737,-0.237956771,-0.01146847,0.361819076
Rare,-3.484269863,-0.724984879,-0.544523457,0.350791625
Rare,,-0.42316954,0.944894891,0.321877774
Rare,,0.637660918,0.631333133,0.311454939
Rare,0.1516215,1.427360421,-1.641989339,0.276836072
Rare,,-0.788045138,0.631333133,0.263276503
Rare,-1.200020174,-1.072032838,-1.484956774,0.232818872
Rare,,1.445870161,-1.641989339,-0.105310349
Rare,,-0.724036067,-1.641989339,-0.188392197
Rare,-0.672359194,-0.056099706,-0.544523457,-0.192424127
Rare,-1.560299234,0.152084187,-0.544523457,-0.192424127
Rare,,0.152084187,-1.01486119,-0.192424127
Rare,0.442200637,-0.22018376,0.458881923,-0.271079481
Rare,0.263472785,0.671270298,-1.077578445,-0.298142712
Rare,,0.199818864,-1.368491401,-0.368740709
Rare,,-0.831694736,-1.641989339,-0.502934297
Rare,0.071635907,2.201763851,-0.276351801,-0.665964426
Rare,,-1.238995061,-0.549447464,-0.86807047
Rare,,0.375602619,,-1.298663535
Rare,,-0.638689852,-1.01486119,-1.567021812
Rare,0.726840861,-1.382871188,-1.328348765,-1.617322811
Rare,-0.955624103,1.300960741,-0.96778779,-1.782170866
Rare,,-0.599914199,1.02328533,-1.882661732
Rare,,,,
Rare,,1.230585622,-0.262317876,1.311994232
Rare,,0.204249581,0.788119897,0.80364265
Rare,,1.203165821,1.556340318,0.761875902
Rare,1.297063799,0.242301231,0.48165229,0.4142301
Rare,2.230021016,-1.854359116,1.838026983,0.366772102
Rare,1.327444975,1.412120622,-1.610604073,0.311677531
Rare,0.115152101,0.166143821,-0.361743203,0.306774462
Rare,1.346333883,0.442279216,1.838026983,0.08401166
Rare,1.813120609,1.737646093,-0.200476704,-0.074982834
Rare,1.155503589,1.513145811,-1.171646973,-0.213394498
Rare,0.075803177,-0.654640951,-0.450454855,-0.286870398
Rare,,-1.238995061,-1.250037412,-0.86807047
Rare,1.399570076,-2.43805996,-0.709859041,-0.907721762
Rare,0.314455457,-1.06299486,0.239380936,-1.625435142
Rare,,-0.544399716,-0.951407675,-1.907299441
Rare,0.446002205,0.204249581,-0.983509913,-2.137426707
Rare,-0.654663924,1.082105144,0.239380936,-2.249533534
Rare,0.444578154,1.573760857,0.756757836,1.382186547
Rare,0.590053522,2.462845921,-1.01486119,1.311994232
Rare,,-0.216679647,0.070057587,0.86479274
Rare,1.273064079,-1.548323943,-0.544523457,0.356455453
Rare,0.157345476,0.17624633,0.929216803,0.308965078
Rare,0.546693782,1.401230932,1.838026983,0.254992939
Rare,,0.678005396,-0.082019865,0.195755725
Rare,1.859662263,0.55003944,-0.099240223,0.195735132
Rare,0.588103849,1.077117197,-0.51254307,0.126934567
Rare,,0.965608812,0.552942694,0.108181663
Rare,-1.23522973,-0.074632784,0.396161815,-0.285060415
Rare,-0.464035945,1.412120622,1.242915348,-0.376265565
Rare,1.437148227,1.080285604,0.239380936,-1.062934237
Rare,2.235521494,-3.100335923,-0.924873869,-1.536944562
Rare,,-0.035846783,-0.701304315,-1.597209819
Rare,,0.704944597,-0.701304315,1.371908801
Rare,-0.548454841,-0.689026646,1.02328533,0.85175692
Rare,,0.720112007,-0.2309617,0.865516093
Rare,,-0.694044771,-0.606407055,0.781118722
Rare,0.416764584,-0.468263037,-1.422494024,0.779099067
Rare,,-0.633033616,-1.328348765,0.779099067
Rare,,-0.01317815,-1.90293697,0.712794776
Rare,,-1.062946102,-2.037077423,0.671315946
Rare,0.016673615,0.460070228,0.302093288,0.23469788
Rare,,0.460070228,-0.216711853,0.23469788
Rare,,-0.439957822,-0.544523457,-0.242870708
Rare,-0.639796394,-0.513758989,-0.76401668,-0.307968044
Rare,-0.656974831,-0.062846351,-0.544523457,-0.481030779
Rare,-2.099967489,,-2.259598324,-0.544440026
Rare,-0.232177865,-0.844063676,-1.368779049,-0.544959217
Rare,1.585203233,-1.238995061,-0.911390714,-0.86807047
Rare,,-1.238995061,-1.949383914,-0.86807047
Rare,,-1.238995061,-1.01486119,-0.86807047
Rare,,0.334519059,-1.610604073,-1.263931442
Rare,-1.008523696,-0.786860068,-0.073678466,-1.468990826
Rare,-0.267356831,0.103012757,-1.344099644,-1.701362256
Rare,,-0.963092823,-1.897685102,-2.091364282
Rare,,-0.963092823,-2.269113124,-2.091364282
Rare,,-0.963092823,-0.51254307,-2.091364282
Rare,,,,
Rare,,-0.63636815,-1.40681829,
Rare,0.054976049,-0.977778883,0.082600058,0.623732986
Rare,-0.10749988,1.301042434,-0.341123285,0.531541048
Rare,0.571635712,-0.362024169,-0.206703995,0.282209176
Rare,-0.174022748,0.101921752,0.615655045,0.203932547
Rare,0.112701162,-0.237956771,0.525220224,0.164690548
Rare,0.197650853,1.217931251,0.239380936,0.137115225
Rare,-1.176542876,-0.552254017,-0.404848899,-0.937230926
Rare,-0.030465386,0.467846584,1.02328533,-0.123487464
Rare,-1.875801685,0.074809313,-0.51254307,-1.617322811
Rare,0.013072693,-1.222353579,-1.077578445,0.915318658
Rare,,-0.978765639,1.838026983,0.195799569
Rare,1.047961191,-0.470485647,-0.419098754,0.161107657
Rare,,-0.547767221,1.02328533,-0.092499931
Rare,,-1.238995061,,-0.86807047
Rare,-3.404849334,-1.012482887,-0.709859041,-1.23767392
Rare,-1.401107909,-0.452646912,0.552158789,-1.166904849
Rare,-0.20764009,-2.036130978,2.950279111,-1.379263168
Rare,,-2.865957583,-1.171646973,
Rare,-1.826254063,1.230585622,-0.183844421,1.311994232
Rare,,0.00450358,-0.43791246,0.817277681
Rare,1.273077259,-1.516874853,1.02328533,-0.188300925
Rare,0.739540769,-2.38237908,0.72540166,-1.561911549
Rare,-1.267019036,0.362103804,0.396161815,0.285870244
Rare,0.712350214,1.456379261,1.838026983,-0.225113229
Rare,-0.623898929,0.772880906,0.866505259,-1.738839024
Rare,,-0.319766953,-0.497489194,-0.499100807
Rare,1.423681804,-1.51721376,0.4914175,-1.918870408
Rare,,-0.392857139,-0.152571261,0.732778982
Rare,-0.857898669,0.675760386,-0.69848228,0.576788126
Rare,0.213066048,-0.290383246,-0.66994816,0.467776619
Rare,0.856099953,0.02470861,-0.311290657,0.262134886
Rare,0.258146707,-0.228888276,1.838026983,-0.544888253
Rare,-0.274053768,0.152786432,-0.936466796,1.504002306
Rare,-0.712650044,0.439612286,0.239380936,0.501308038
Rare,,-0.090123307,1.643437317,0.384890824
Rare,-1.124551818,0.772359764,0.676034716,0.199167053
Rare,1.112550057,-1.397287617,0.458881923,-0.106959326
Rare,-0.518216721,-2.02273436,1.776482003,-0.482713318
Rare,,-3.046455843,-0.229381203,-4.693329702
Rare,,-2.738670609,-0.544523457,-4.693329702
Rare,,-2.837670543,0.999924979,-4.693329702
Rare,-0.153604769,-0.74002991,0.851395214,1.340373055
Rare,0.251582479,0.004925007,-0.2309617,0.383109476
Rare,1.057455606,-0.761879166,-0.073678466,-0.428996783
Rare,-0.115323489,1.109767444,-0.311290657,1.436992557
Rare,2.254394826,-1.422356348,1.838026983,1.232595604
Rare,,-1.536691153,0.490230349,1.39168957
Rare,-1.572649296,0.068276304,1.493628008,1.243997217
Rare,0.175430253,0.476178762,0.589119161,0.761489454
Rare,-0.786518217,0.37355634,0.552942694,0.697628992
Rare,0.865024295,-0.318776888,-0.231588823,0.70881869
Rare,-1.017966865,0.955823711,-0.01146847,0.692910672
Rare,0.920102811,-0.799813196,1.368203278,0.398789519
Rare,0.113455585,-0.842423898,0.552942694,0.308576675
Rare,0.716900573,0.774031657,2.685162645,0.116029426
Rare,1.392434453,0.487730958,-0.311290657,-0.306675446
Rare,0.743329676,-0.350485268,1.462347651,-0.8369004
Rare,0.387521084,-0.896133796,1.867048085,-0.109007881
Rare,,0.000373113,1.02328533,-0.445537536
Rare,0.455402784,-1.827419077,3.374998511,-0.805842901
Rare,0.173436682,-1.456993539,0.251927933,-1.432992037
Rare,0.931462756,-1.692718881,0.239380936,-1.918870408
Rare,1.255789551,-0.028052937,0.239380936,0.878861669
Rare,0.738335564,-0.376023894,-0.51254307,0.83764289
Rare,,0.642084897,-0.168249343,0.094299591
Rare,,-1.084323001,0.929216803,-0.605765135
Rare,0.763935329,1.513145811,-1.359784027,
Rare,1.159084829,-1.827419077,0.239380936,2.228273611
Rare,,1.230585622,-1.328348765,1.311994232
Rare,,-1.069729958,0.082600058,1.231945972
Rare,-1.138479745,-1.342498374,-1.339402513,1.948097981
Rare,0.048562593,1.580571701,1.02328533,0.85827813
Rare,-0.869858734,0.502955856,-0.732660512,0.85827813
Rare,-0.841542412,0.575366397,-0.701304315,0.80758944
Rare,-0.061598785,-1.263614349,-0.622442795,0.766159417
Rare,,0.166143821,-1.949383914,0.455530823
Rare,-0.00484511,0.765559686,-0.622913897,0.381238278
Rare,-1.57057168,-0.689960656,-0.732660512,0.3648259
Rare,,-0.068139973,-1.328348765,0.330768221
Rare,0.327993493,0.455854292,-0.936466796,0.278066004
Rare,,-0.724036067,-1.500886811,-0.188392197
Rare,-0.507817381,0.152084187,1.02328533,-0.192424127
Rare,-0.571866213,-0.415255903,-1.108914877,-0.192424127
Rare,,0.204249581,-1.949383914,-0.404381215
Rare,,0.737504376,-1.124612709,-0.422508565
Rare,,-0.836172877,-0.638591985,-0.806139081
Rare,-1.071252501,1.513145811,-1.328348765,-0.271287263
Rare,-0.556850231,0.172878828,0.239380936,-1.391867907
Rare,,-0.63636815,-1.26102525,
Rare,1.372191271,0.676357224,-1.484956774,-0.244031128
Rare,,1.230585622,-2.112292702,1.311994232
Rare,,1.230585622,-0.96778779,1.311994232
Rare,,0.204249581,-1.336593049,1.181827382
Rare,,0.204249581,0.239380936,0.383109476
Rare,,1.052599389,-1.949383914,0.865919878
Rare,0.973090459,0.155509591,,0.72121205
Rare,,0.641880417,-1.949383914,0.604896093
Rare,-0.783219695,0.720112007,-1.203003145,0.636836481
Rare,,1.516554896,0.239380936,0.56617214
Rare,,1.427360421,-1.078350309,0.276836072
Rare,1.869684763,-1.921679317,-2.422810276,0.26426817
Rare,-0.221177015,0.460070228,-1.422494024,0.23469788
Rare,-1.806359692,0.460070228,0.239380936,0.23469788
Rare,,0.460070228,-2.143688421,0.23469788
Rare,-1.647636489,0.0179736,-0.638591985,-0.072969809
Rare,,0.111713331,-1.66927742,-0.616792516
Rare,,-0.888014368,,-0.879257581
Rare,,-1.238995061,-0.572661307,-0.86807047
Rare,,-1.238995061,-1.949383914,-0.86807047
Rare,,-1.238995061,-0.356384283,-0.86807047
Rare,,-0.399457236,-2.422810276,-0.904010344
Rare,,0.086946842,-1.651394867,-1.332744099
Rare,1.983529854,-0.638689852,1.490335624,-1.567021812
Rare,,-0.522424343,,-1.918870408
Rare,,0.204249581,-0.324972526,-1.86152484
Rare,,-0.963092823,-2.347502883,-2.091364282
Rare,,,,
Rare,,,,
Rare,,-0.63636815,-1.01940132,
Rare,,-0.574659776,-0.2309617,
lover,-0.847105267,1.513145811,-0.214655139,0.486765975
lover,-1.052855375,-0.487148244,0.552942694,-1.599410014
lover,,0.704944597,-0.157274687,0.313089151
lover,-1.285366415,1.230585622,-0.182769955,0.437975185
lover,-0.932799184,1.513145811,-0.183844421,0.23469788
lover,0.7576771,0.267168962,-0.01146847,-1.617322811
lover,0.072977287,1.35487304,0.239380936,0.602296773
lover,-0.560369394,0.566105758,-0.426937797,0.338576749
lover,0.815934602,-1.317238048,2.93215763,-1.562325566
lover,,1.230585622,-0.2309617,1.309911102
lover,,-1.073097983,0.631333133,1.287774139
lover,-1.756293503,0.704944597,-0.200476704,0.313089151
lover,-0.446953485,1.513145811,0.833285689,0.582875983
lover,-1.521357847,-1.265045761,-0.073678466,0.536157992
lover,-1.436476383,0.166143821,-1.01187844,0.182325037
lover,,1.513145811,1.838026983,0.121761235
lover,,-0.449146536,1.587696493,-0.126108401
lover,1.566970137,-0.833938538,2.586519525,-0.328190028
lover,0.773377816,-0.565033069,0.239380936,-0.423232915
lover,-0.716056899,0.780059714,0.296997909,-0.447422834
lover,-0.453323768,-0.095024899,0.552942694,-0.497257512
lover,,1.681521013,1.838026983,-0.561406854
lover,,-1.238995061,-1.532242993,-0.86807047
lover,0.842764553,-1.238995061,-0.274860346,-1.413426811
lover,,-1.482173064,-0.497489194,-1.508403168
lover,1.041974232,1.384206726,0.039328535,-1.701362256
lover,1.757674504,0.5002003,-1.01486119,0.279332625
lover,-0.153604769,0.157575727,-1.328348765,0.216830951
lover,0.012876212,1.300511886,2.026682954,0.083270965
lover,2.074883501,-0.332246908,0.639975113,-0.34598494
lover,-0.8083195,0.619635089,0.019887706,-0.366928397
lover,0.194150953,-0.836172877,-0.074492171,0.781118722
lover,,-0.694044771,-2.269113124,0.781118722
lover,0.385322502,-0.963092823,-1.156744703,-2.091364282
lover,0.093202753,-0.830176779,0.302093288,-2.091364282
lover,-0.828373229,-0.963092823,-2.422810276,-2.091364282
lover,,-0.963092823,,-2.091364282
lover,,-0.63636815,-1.437614916,
lover,,,,
lover,0.88917299,-0.642057357,-0.206703995,-0.112092425
lover,1.131572917,-0.559890238,0.239380936,-0.532401182
lover,-0.726830169,-1.061766662,0.863682701,-1.688827271
lover,,2.927501029,-0.450454855,-0.490724021
lover,,1.31116862,-1.01486119,-0.764017846
lover,-0.468053068,-0.078240823,0.246377354,-0.517670841
lover,-0.124916899,0.383351621,-1.282647799,-0.566105202
lover,0.778021757,0.031949017,-0.311290657,0.304795182
lover,0.467728216,-0.416454564,1.258456648,0.468787803
lover,-1.482406245,0.34462166,1.234939516,-0.335238446
lover,1.427057327,-1.752795169,-0.419098754,-0.941126831
lover,-0.412352271,2.276018978,-0.318088939,-0.746284281
lover,0.292357912,0.41095421,-1.657667696,0.268054468
lover,,0.204249581,-0.097697953,0.417733251
lover,-1.040919405,-0.237956771,0.676034716,-0.424540037
lover,0.275091181,-0.465670994,,
insensitive,-0.865959389,-0.372656966,0.239380936,0.682906126
insensitive,-0.823454949,-0.051621166,1.02328533,0.26398896
insensitive,1.912535484,0.204249581,-0.659914184,0.671285068
insensitive,-0.569833683,0.720112007,-1.011675014,0.636836481
insensitive,0.570040101,0.166143821,-0.606407055,-0.609544695
insensitive,0.148654189,0.487015327,0.772435924,0.914534875
insensitive,-0.777045094,0.220023893,0.866505259,0.83764289
insensitive,-0.016332008,0.134153007,0.763385349,0.72601123
insensitive,1.473475915,1.576622103,1.838026983,0.632728792
insensitive,0.119104475,0.621334259,0.355398787,0.592810432
insensitive,0.079075065,0.681684843,0.239380936,-0.278230058
insensitive,0.93742228,-0.479954246,-0.340708315,-0.574418902
insensitive,-0.254336705,-0.689200555,0.861733151,-0.71511422
insensitive,-1.061808011,-1.446891019,1.014914519,-1.295990251
insensitive,1.298078007,-0.574659776,0.770420611,-1.833064436
insensitive,-0.205417521,-0.633033616,-0.642981849,0.779099067
insensitive,-1.068247073,-0.823813391,3.815979474,1.73369064
insensitive,-1.414918419,-0.026054218,1.337600621,1.229779635
insensitive,,0.204249581,1.02328533,0.915318658
insensitive,-1.263441713,0.575366397,0.255059024,0.80758944
insensitive,-0.483008193,1.513145811,-1.01486119,0.790997733
insensitive,,0.720112007,0.552942694,0.636836481
insensitive,-1.173162268,0.379980383,-0.122770206,0.514057165
insensitive,-1.040919405,-0.554499014,0.48165229,0.23469788
insensitive,0.839955776,-0.470485647,-0.701304315,0.161107657
insensitive,-0.586539776,1.677031006,0.239380936,-0.084713861
insensitive,-0.706621964,-0.574033759,0.630706009,-0.499100807
insensitive,0.166597885,0.415339176,-0.262317876,-1.531202443
insensitive,-0.014957836,-0.029645908,1.462347651,0.791667876
insensitive,0.217434324,0.421112043,2.230498096,0.764633219
insensitive,-0.066859129,1.1198544,-1.01486119,0.61902779
insensitive,-0.030265766,-2.064657217,1.10167584,0.539300306
insensitive,0.721369813,0.310947133,1.838026983,0.09896842
insensitive,-0.13055674,0.014857126,1.642627756,-0.114901179
insensitive,0.046050902,1.666576101,1.838026983,-0.261492919
insensitive,,0.204249581,-0.073678466,-0.404381215
insensitive,-0.911002876,-0.732077082,0.255059024,0.533627102
insensitive,-0.044076468,-1.02882309,0.936428723,-0.271010451
insensitive,-0.646236207,-1.288393797,0.239380936,0.327601719
insensitive,,-2.393159898,-0.400285049,-0.52216852
insensitive,1.311373199,0.034836117,0.552942694,0.073697693
insensitive,-0.115239721,-0.731857018,-0.309352139,-0.385014705
insensitive,0.995885235,-0.790227572,0.380961189,-1.164169177
insensitive,1.579833763,-0.515775924,0.239380936,0.930723202
insensitive,,-1.335763364,0.415759995,0.781118722
insensitive,0.541420091,0.048281144,-0.403420667,0.636836481
insensitive,-1.56629597,0.460070228,-0.716982424,0.216830951
insensitive,-1.156534294,-0.419796916,0.751647804,-0.708759241
insensitive,-0.43549822,0.345744078,0.246377354,-0.383527209
insensitive,0.54333077,-0.511960167,0.239380936,-0.541362069
insensitive,,-2.738670609,1.947695848,-4.693329702
insensitive,,0.059749,0.882182539,1.48382654
insensitive,0.432062611,-0.087148609,-0.136893173,0.774530703
insensitive,-0.256655124,0.231144404,0.428445273,0.532757442
insensitive,-0.46004944,-0.056099706,0.763385349,0.310755438
insensitive,0.155703058,-0.516337173,1.384943257,1.324369794
insensitive,0.022892077,0.756043382,1.337600621,1.804993239
insensitive,-0.05856897,-0.434139794,0.657452045,0.461928984
insensitive,0.965836085,0.102946233,0.552942694,0.861524517
insensitive,-0.633014933,-0.645424862,1.02328533,0.108321888
insensitive,-1.633623276,-0.028052937,0.763385349,0.100595893
insensitive,1.451770102,-0.763959701,1.04220222,0.887203042
insensitive,0.064020467,0.570244401,-0.983509913,0.636836481
insensitive,0.88019762,-0.237956771,0.458881923,0.626722893
insensitive,-0.268369184,0.252183609,0.239380936,0.561062978
insensitive,-0.217512496,0.700015726,-0.077314641,0.525325229
insensitive,0.24642522,1.159560382,0.239380936,0.537987754
insensitive,,1.024867097,0.286954933,0.505126231
insensitive,0.215691983,1.168240138,0.239380936,0.371182593
insensitive,0.244494257,-0.515178666,0.239380936,0.310811251
insensitive,0.012184606,1.438162662,1.797341711,0.251483164
insensitive,0.868893296,0.571241833,0.239380936,0.156320088
insensitive,0.732077171,0.103283726,0.763385349,0.08401166
insensitive,1.011721994,-0.323828146,0.078680536,0.06591253
insensitive,1.816482473,1.071637409,1.493628008,-0.148076851
insensitive,0.98170816,-1.349667151,1.838545899,-0.197188418
insensitive,0.127366982,1.075370134,-0.409691902,-0.206865331
insensitive,-1.502998317,0.204249581,-0.497489194,-0.069300839
insensitive,0.413769576,-1.456372876,0.621689988,-0.069142979
insensitive,-0.760397468,-0.579885922,0.239380936,-0.127672934
insensitive,0.886580331,-0.883664271,1.368203278,-0.184288352
insensitive,-0.927018251,1.222229427,0.239380936,-0.211377037
insensitive,1.842003269,-0.939071288,-0.544523457,-0.48177252
insensitive,-0.062811734,0.374929118,-0.183844421,-0.492798011
insensitive,-0.217150483,-0.316082884,-0.054739992,-0.505899151
insensitive,0.436695666,0.182232404,-0.042824645,-0.748159172
insensitive,-0.067537344,-0.922384971,0.490230349,-1.175876818
insensitive,-1.24002972,-1.366070908,0.239380936,-2.526317499
insensitive,,-0.56383297,0.2864152,-2.137305042
insensitive,-0.774164383,1.243745378,0.568620783,-0.2025403
insensitive,0.051847725,0.204249581,-0.073678466,0.652714943
insensitive,-0.428464188,2.524364659,-1.516564906,0.093684753
insensitive,1.083970753,-0.574659776,0.696584593,-0.092705264
insensitive,,0.720112007,-0.356384283,0.636836481
insensitive,-0.965443751,1.637711229,0.2864152,0.595307077
insensitive,-1.470225089,1.72014873,1.02328533,0.582875983
