SEA,L10SLA,WSG,MaxH,L10SM
sensitive,,0.931825307,0.481320794,0.407847783
sensitive,,0.083122574,0.478567623,0.182350544
sensitive,,-2.667854921,1.149017937,-4.995196362
sensitive,,-0.196562154,-0.429107079,1.015596721
sensitive,,-1.486916528,-0.143837887,-0.094432553
sensitive,,-0.906046218,-0.338184662,0.538043637
sensitive,,-0.651486683,0.530434748,0.494212982
sensitive,,-0.591664962,-0.014170073,0.485519255
sensitive,,0.512394511,0.128464523,0.381269998
sensitive,,0.512394511,-0.429107079,0.381269998
sensitive,,-0.932345388,0.309999464,0.233055695
sensitive,,-0.826003306,0.361866589,0.199350725
sensitive,,0.77910457,0.658820095,0.197573577
sensitive,,1.392611265,0.662237469,0.075921109
sensitive,,0.845532969,-0.786990246,-0.015254951
sensitive,,-1.16318324,-0.455040642,-0.049301162
sensitive,,0.434997724,-0.027136846,-0.153499787
sensitive,,-0.731916435,-0.827965276,-0.543017785
sensitive,,-0.222833929,-0.745494035,-0.808491785
sensitive,,-0.601233123,0.17002275,-0.853099913
sensitive,,-1.026982814,-0.604466948,-0.856797601
sensitive,,-1.257414101,0.880537847,-0.968989061
sensitive,,-1.527014021,0.455875755,0.538043637
sensitive,,0.989465126,-0.617514562,2.154872343
sensitive,,1.103390191,-0.72721909,2.169573259
sensitive,,1.187725271,-0.039828366,1.824274055
sensitive,,0.374666094,-0.527784285,1.7448938
sensitive,,0.608498935,1.610086426,1.422622043
sensitive,,1.412739916,1.610086426,1.404858613
sensitive,,-0.504653326,0.958338539,1.392115229
sensitive,,-0.993641206,-0.039828366,1.376040529
sensitive,,0.437647923,-0.001203291,1.361881294
sensitive,,-1.116117492,1.058911749,1.344962354
sensitive,,0.584507812,-0.986678681,1.114880299
sensitive,,1.375908596,-0.066037198,1.083191099
sensitive,,0.864807146,-0.143837887,1.125654322
sensitive,,0.965023116,1.56130015,0.949916953
sensitive,,-0.425286855,-0.338184662,0.948340668
sensitive,,-0.425286855,-0.511057137,0.948340668
sensitive,,0.499613936,-0.16977145,1.289120353
sensitive,,0.096484704,0.893504628,1.048482889
sensitive,,1.218903575,1.610086426,0.455764132
sensitive,,-1.506970827,0.379880153,0.113471404
sensitive,,-0.635612371,0.309999464,-0.094432553
sensitive,,1.062095059,0.050909133,0.713782657
sensitive,,-0.746665661,-1.1098631,0.587924822
sensitive,,1.917106315,-0.039828366,0.568699863
sensitive,,-1.754170221,0.595268661,0.496128612
sensitive,,-1.393454928,-1.82951947,0.496128612
sensitive,,-0.605013027,0.335933026,0.488500094
sensitive,,0.484054043,-0.62473545,0.411859413
sensitive,,0.484054043,0.875922109,0.411859413
sensitive,,0.891537092,0.309999464,0.407847783
sensitive,,-1.136664802,-0.437405184,0.398719797
sensitive,,-0.010669299,-0.057359871,0.385837959
sensitive,,-1.393392726,1.188579564,0.38246452
sensitive,,-0.61644648,-0.826798265,0.381269998
sensitive,,0.512394511,-0.338184662,0.381269998
sensitive,,0.512394511,-0.668992535,0.381269998
sensitive,,0.512394511,-0.407841557,0.381269998
sensitive,,0.197117503,-0.055663308,0.372534554
sensitive,,0.602471305,-0.104937543,0.355252748
sensitive,,-0.26515086,-1.168461579,0.347131631
sensitive,,-1.086063725,-0.039828366,0.336898377
sensitive,,1.544048727,0.387800152,0.291735105
sensitive,,-0.720484893,-0.046587026,0.318128264
sensitive,,0.494008119,-0.433597058,0.315722045
sensitive,,1.357535669,0.463496848,0.305532082
sensitive,,0.009630862,-0.71437128,0.304401721
sensitive,,-0.404595119,-0.495561834,0.256904578
sensitive,,0.216743869,-0.363520291,0.15451808
sensitive,,0.256347832,0.958338539,0.118858559
sensitive,,0.557539566,-0.831077303,0.112555722
sensitive,,0.31951786,-0.597675237,0.075870228
sensitive,,-2.034291515,0.309999464,0.075870228
sensitive,,0.243468131,-0.59689723,0.038070938
sensitive,,-0.013661333,-1.116223849,-0.015254951
sensitive,,-1.226366109,0.569335092,-0.024631361
sensitive,,-1.095551314,-0.055177329,-0.024631361
sensitive,,0.19650434,1.451076727,-0.045945251
sensitive,,0.392996133,-0.857010866,-0.056245558
sensitive,,0.800024717,0.31259282,-0.112591292
sensitive,,1.889828535,0.543401529,-0.112591292
sensitive,,0.56940864,0.958338539,-0.166018049
sensitive,,-0.26003506,0.096087121,-0.169125602
sensitive,,1.098644983,-0.864991275,-1.143984138
sensitive,,-0.162613354,-0.986678681,-0.68066642
sensitive,,2.47995454,0.958338539,-1.158985921
sensitive,,-3.043615711,-0.741890352,-0.283837557
sensitive,,0.4773058,0.463496848,-0.283837557
sensitive,,2.771350819,-0.366863846,-0.285849597
sensitive,,0.874828743,0.958338539,-0.301927269
sensitive,,-1.935449775,1.333065601,-0.32759248
sensitive,,-0.703016036,-0.665057176,-0.345438403
sensitive,,1.951605917,-0.455040642,-0.385265099
sensitive,,1.048537129,0.193298431,-0.426715982
sensitive,,0.895290894,-0.93777028,-0.435550205
sensitive,,1.365886999,-0.091970188,-0.506171601
sensitive,,-0.837630524,-0.428758646,-0.603853905
sensitive,,-0.137857129,0.309999464,-0.638868405
sensitive,,-0.805459026,0.003985638,-0.792851906
sensitive,,0.044586862,-0.039828366,-0.800491758
sensitive,,-0.157395755,0.550824652,-0.808491785
sensitive,,-1.431016841,0.504502172,-2.015536238
sensitive,,-0.103947238,-0.160694702,-1.392482617
sensitive,,-1.533695086,-0.338184662,-1.381982089
sensitive,,-1.106106866,0.569335092,-1.947563868
sensitive,,-1.435874079,-1.051512588,-2.019051008
sensitive,,-1.435874079,0.050909133,-2.019051008
sensitive,,-0.126945039,-0.659619611,-2.068046378
sensitive,,-0.731916435,-0.986678681,
sensitive,,-0.016289056,-0.455040642,
sensitive,,0.777953304,-0.837560687,
sensitive,,-0.837888898,-0.95611555,
sensitive,,0.314734281,0.662237469,
sensitive,,1.085290695,0.662237469,
Rare,,0.584507812,-0.597675237,1.114880299
Rare,,0.584507812,-0.286472483,0.990223841
Rare,,-0.635612371,0.958338539,-0.094432553
Rare,,0.731316784,-0.72721909,0.381269998
Rare,,1.015131102,-0.16977145,0.373134781
Rare,,-0.928161354,0.206265544,0.269131634
Rare,,0.497348586,0.206265544,-1.432689996
Rare,,-0.858239358,0.309999464,-2.327937309
Rare,,0.484054043,0.309999464,2.281835893
Rare,,0.584507812,-0.322188105,2.212272013
Rare,,1.052631119,0.180331649,2.169573259
Rare,,-1.431016841,-1.635017096,1.680375627
Rare,,-0.546884777,0.828918645,1.354682206
Rare,,0.584507812,-0.986678681,1.114880299
Rare,,0.584507812,-0.027136846,1.114880299
Rare,,0.584507812,-0.842117251,1.114880299
Rare,,1.062557072,-0.571741671,1.067664933
Rare,,-1.263111965,0.180331649,1.02644315
Rare,,0.35144108,1.036139673,1.022334871
Rare,,-0.425286855,-0.519874548,0.948340668
Rare,,-0.829912892,-0.014170073,0.416228148
Rare,,-0.635612371,1.333065601,-0.094432553
Rare,,1.432697647,1.565190494,0.64818338
Rare,,-0.516510961,0.10253096,0.53574044
Rare,,-0.462410737,-0.865498539,0.561585844
Rare,,-1.005890974,0.309999464,0.538043637
Rare,,-0.829912892,-1.168461579,0.535849129
Rare,,-0.468065264,0.232198775,0.513972037
Rare,,-0.196562154,-1.764685567,0.467849725
Rare,,1.085290695,0.152290727,0.407847783
Rare,,0.512394511,0.252220361,0.381269998
Rare,,0.512394511,-0.349930083,0.381269998
Rare,,1.297962839,-0.017784845,0.218258086
Rare,,0.564159234,-0.745662489,0.21304581
Rare,,0.08964114,0.958338539,0.21304581
Rare,,1.499508293,0.175160789,0.21304581
Rare,,-0.826003306,-0.014170073,0.199350725
Rare,,-0.037136028,-1.504668172,0.184268187
Rare,,0.096484704,0.463496848,0.133138404
Rare,,0.504946873,1.464043012,0.112952657
Rare,,0.104987875,0.569335092,0.046480551
Rare,,-0.207983339,-0.986678681,0.048703529
Rare,,-0.620839381,0.893504628,0.039044048
Rare,,0.43383727,0.634169,0.000905423
Rare,,-0.983683181,0.634169,-0.024631361
Rare,,-1.110712497,1.610086426,-0.094257768
Rare,,-0.745329421,0.958338539,-0.411271897
Rare,,1.233114924,-0.909931671,-0.421192061
Rare,,-0.927612831,-1.128921342,-0.550426076
Rare,,-0.927612831,-0.909931671,-0.550426076
Rare,,-9.74896E-05,-0.72721909,-0.5241243
Rare,,-0.002854784,-1.025579025,-0.690627865
Rare,,0.484054043,-1.504668172,-0.749275139
Rare,,0.572449046,-0.818110496,-0.81794535
Rare,,-1.515880377,0.64246774,-0.847672159
Rare,,-1.026982814,-0.909931671,-0.856797601
Rare,,-0.731916435,-0.416140297,-1.342621018
Rare,,-1.431016841,,-2.015536238
Rare,,-1.431016841,-0.322188105,-2.015536238
Rare,,-0.513309685,0.105439799,-2.015536238
Rare,,0.174903104,,-1.712879589
Rare,,-0.835480357,-0.72721909,-2.014174777
Rare,,-0.126945039,-0.986678681,-2.068046378
Rare,,-0.797059021,0.958338539,-2.356844182
Rare,,-0.411276214,-0.793609679,-2.792484088
Rare,,-3.224004458,-0.490545528,-5.406660843
Rare,,-2.990272388,-0.338184662,-5.406660843
Rare,,-3.016891441,0.939018032,-5.406660843
Rare,,-3.044951924,-0.857010866,
Rare,,,,
Rare,,-1.740572473,0.076597398,
Rare,,0.584507812,-0.039828366,1.103368952
Rare,,-1.266452497,0.634169,1.088563323
Rare,,0.497348586,-0.018060107,0.01834384
Rare,,1.299126202,1.610086426,-1.116564567
Rare,,-0.64749887,1.501638098,-0.447728269
Rare,,3.43945729,-0.055177329,-0.803641138
Rare,,1.46610297,1.610086426,-0.918858471
Rare,,1.098644983,-0.72721909,-1.141236213
Rare,,-1.431016841,-1.155156971,-2.015536238
Rare,,-1.680677218,-0.299439259,-1.953238618
Rare,,0.484054043,0.958338539,0.68397771
Rare,,0.512394511,0.569335092,0.381269998
Rare,,-2.540953932,0.359759727,-0.95704819
Rare,,-2.990272388,1.690188675,-5.406660843
Rare,,1.098644983,2.644020123,2.614511093
Rare,,0.989465126,0.569335092,2.154872343
Rare,,0.989465126,1.08800635,2.154872343
Rare,,0.989465126,0.348899808,2.154872343
Rare,,1.098644983,0.463496848,2.050611241
Rare,,2.771350819,1.08800635,1.988987246
Rare,,-0.981839141,,1.982449545
Rare,,-0.981839141,-0.350813343,1.982449545
Rare,,-0.981839141,-0.493940986,1.982449545
Rare,,0.274647193,1.480309365,1.944294272
Rare,,0.374666094,1.913867868,1.998146732
Rare,,1.399301102,0.309999464,2.363212704
Rare,,1.052631119,0.309999464,2.169573259
Rare,,1.052631119,-0.363520291,2.169573259
Rare,,1.098644983,1.610086426,2.142180044
Rare,,0.597564558,0.854604364,2.125188535
Rare,,1.036931093,1.188579564,2.125188535
Rare,,1.031833763,1.139876788,1.824274055
Rare,,0.484054043,0.958338539,1.796576151
Rare,,-0.968477011,1.412175894,1.783989171
Rare,,-2.081542385,0.593161296,1.7626893
Rare,,0.374666094,-1.045158865,1.7448938
Rare,,0.08179312,-0.909931671,1.730527205
Rare,,0.763660563,-0.72721909,1.655633543
Rare,,0.763660563,-0.027136846,1.655633543
Rare,,0.763660563,0.204157853,1.655633543
Rare,,0.584507812,0.154398087,1.596183265
Rare,,0.840138597,1.159907497,1.569182129
Rare,,0.840138597,-0.519874548,1.569182129
Rare,,-1.44016018,-0.429107079,1.528256342
Rare,,0.08179312,-0.986678681,1.526211971
Rare,,0.800024717,0.958338539,1.508449855
Rare,,0.840138597,2.514434509,1.505274516
Rare,,-0.638432415,0.599122324,1.505274516
Rare,,-1.035955765,1.230632441,1.503674032
Rare,,0.453924535,1.610086426,1.49591326
Rare,,0.848104484,0.309999464,1.463821176
Rare,,2.167614764,-0.363520291,1.448393088
Rare,,-1.457633736,0.673069344,1.442360675
Rare,,0.465427942,0.971305317,1.392115229
Rare,,-1.00128954,2.099415302,1.392115229
Rare,,0.484054043,-0.468007406,1.376040529
Rare,,-0.446204767,-0.710100132,1.361881294
Rare,,-0.446204767,-0.287769161,1.361881294
Rare,,-0.446204767,-0.039828366,1.361881294
Rare,,1.233114924,0.958338539,1.358029915
Rare,,0.296916645,-0.286472483,1.34638412
Rare,,1.233114924,2.255016721,1.34638412
Rare,,2.187657958,1.501638098,1.34638412
Rare,,1.098447917,-1.764685567,1.344463305
Rare,,1.098447917,0.958338539,1.344463305
Rare,,1.098447917,0.692519524,1.344463305
Rare,,1.180037881,1.610086426,1.414434726
Rare,,-0.438000473,-0.688442707,1.409195855
Rare,,0.091496929,0.050909133,1.284430809
Rare,,-1.723676278,1.178779625,1.283688729
Rare,,0.965023116,0.680460409,1.268916975
Rare,,-1.681530325,,1.266512106
Rare,,0.08179312,-1.427481073,1.255836923
Rare,,0.163295735,-1.118087432,1.243678903
Rare,,-2.128309774,-0.72721909,1.217076151
Rare,,0.484054043,0.128464523,1.193485639
Rare,,1.071920194,,1.183245735
Rare,,0.484054043,0.699002907,1.167333233
Rare,,0.484054043,0.543401529,1.15365629
Rare,,0.484054043,-0.039828366,1.144815875
Rare,,1.903000246,-0.055177329,1.144815875
Rare,,-0.488583288,0.309999464,1.22244564
Rare,,0.484054043,-0.623608579,1.141909542
Rare,,0.584507812,-0.72721909,1.114880299
Rare,,0.584507812,0.958338539,1.114880299
Rare,,0.584507812,0.414597163,1.114880299
Rare,,0.584507812,-0.72721909,1.114880299
Rare,,0.584507812,-0.401522877,1.114880299
Rare,,0.584507812,-1.116223849,1.114880299
Rare,,0.584507812,-1.764685567,1.114880299
Rare,,0.584507812,-1.03854564,1.114880299
Rare,,0.584507812,0.089564558,1.114880299
Rare,,0.584507812,-1.764685567,1.114880299
Rare,,0.584507812,-0.669380968,1.114880299
Rare,,0.584507812,-1.520002401,1.114880299
Rare,,0.584507812,-0.156804668,1.114880299
Rare,,0.584507812,-1.635017096,1.114880299
Rare,,0.584507812,-0.597675237,1.114880299
Rare,,0.584507812,-0.71437128,1.114880299
Rare,,0.584507812,0.699002907,1.114880299
Rare,,0.584507812,-0.519874548,1.114880299
Rare,,0.584507812,-1.660900903,1.114880299
Rare,,0.584507812,-0.001203291,1.114880299
Rare,,0.584507812,-0.654880004,1.114880299
Rare,,0.584507812,0.463496848,1.114880299
Rare,,0.584507812,-0.584708456,1.114880299
Rare,,0.584507812,-1.764685567,1.114880299
Rare,,1.432697647,0.439884451,1.114880299
Rare,,0.584507812,0.147914698,1.114880299
Rare,,0.584507812,-1.306608905,1.114880299
Rare,,0.584507812,-1.064479369,1.114880299
Rare,,0.584507812,0.662237469,1.114880299
Rare,,-0.638432415,-0.636575581,1.114880299
Rare,,0.584507812,-0.986678681,1.114880299
Rare,,0.584507812,-0.001203291,1.114880299
Rare,,0.584507812,1.113939913,1.114880299
Rare,,0.584507812,-0.039828366,1.114880299
Rare,,-1.054937036,0.309999464,1.088563323
Rare,,-0.5582595,0.608235437,1.088563323
Rare,,1.303159224,-0.861800169,1.085822098
Rare,,-0.479904362,-0.091970188,1.07061089
Rare,,0.08179312,-1.323814998,1.061975365
Rare,,-0.013447381,-0.798660349,1.062231319
Rare,,-0.102249197,-1.306608905,1.123053145
Rare,,-0.102249197,,1.123053145
Rare,,-0.102249197,1.703928469,1.123053145
Rare,,0.163295735,-0.604466948,1.125654322
Rare,,-0.55848072,-0.741890352,1.02644315
Rare,,-0.55848072,0.009772738,1.02644315
Rare,,-0.55848072,0.543401529,1.02644315
Rare,,0.35144108,1.081935852,1.022334871
Rare,,-1.016008785,1.913867868,1.0193351
Rare,,-0.727011721,0.180331649,1.014992065
Rare,,1.519552781,0.050909133,1.006176641
Rare,,2.064893821,1.610086426,1.003841306
Rare,,0.484054043,0.309999464,0.974645144
Rare,,1.766750882,-0.001203291,0.974645144
Rare,,-0.266866195,-1.310770012,0.968191266
Rare,,0.363727292,-0.37073056,0.954512614
Rare,,0.337559787,-0.363520291,0.949916953
Rare,,0.337559787,-0.909931671,0.949916953
Rare,,0.337559787,-1.524101484,0.949916953
Rare,,-0.425286855,-1.764685567,0.948340668
Rare,,-1.065938957,1.451076727,0.948340668
Rare,,-0.425286855,-0.857010866,0.948340668
Rare,,-0.425286855,-1.025579025,0.948340668
Rare,,-0.425286855,-1.155156971,0.948340668
Rare,,-0.425286855,-1.057988362,0.948340668
Rare,,-0.425286855,0.634169,0.948340668
Rare,,0.07396523,1.502962154,0.944654724
Rare,,0.454628736,0.361866589,1.78737453
Rare,,0.454628736,-0.72721909,1.78737453
Rare,,0.965023116,1.412175894,1.770454975
Rare,,0.484054043,-0.649542363,1.708562165
Rare,,3.503827707,-0.842117251,1.708562165
Rare,,-0.731916435,-0.940738033,1.505316524
Rare,,-0.725286256,-0.001203291,1.470027318
Rare,,-1.515110766,-0.908877992,1.39917095
Rare,,0.499613936,0.958338539,1.289120353
Rare,,0.296154842,0.828918645,1.019509844
Rare,,0.512394511,-0.597675237,
Rare,,0.597564558,-0.066037198,
Rare,,0.08179312,-1.52559037,0.704382544
Rare,,-0.462410737,-1.005911012,0.455764132
Rare,,-0.39560009,-1.440882451,0.455764132
Rare,,-0.713301727,-0.72721909,0.333999077
Rare,,-0.713301727,0.569335092,0.333999077
Rare,,-0.713301727,-0.741890352,0.333999077
Rare,,-0.713301727,-0.597675237,0.333999077
Rare,,-0.261858692,-0.545808112,0.217531693
Rare,,0.115450999,0.828918645,0.113471404
Rare,,0.484054043,0.880537847,0.113471404
Rare,,0.484054043,0.180331649,0.113471404
Rare,,-1.430609016,1.610086426,0.089563449
Rare,,-1.804534927,0.699002907,0.03872316
Rare,,0.497348586,-0.44207386,0.01834384
Rare,,-3.215985491,1.86601931,-0.028945837
Rare,,1.45496786,0.828918645,-0.040875193
Rare,,-0.082060307,1.613160998,-0.047167412
Rare,,0.109846833,0.232198775,-0.09400194
Rare,,-0.635612371,-1.141589156,-0.094432553
Rare,,-0.635612371,-0.792176959,-0.094432553
Rare,,-0.635612371,1.075039569,-0.094432553
Rare,,0.096484704,-0.805142981,-0.094432553
Rare,,-0.635612371,-0.435590469,-0.094432553
Rare,,-0.635612371,1.058911749,-0.094432553
Rare,,-1.024289124,0.504502172,-0.094432553
Rare,,-0.635612371,-0.493940986,-0.094432553
Rare,,-0.635612371,0.463496848,-0.094432553
Rare,,-0.635612371,-0.568240644,-0.094432553
Rare,,-0.635612371,1.188579564,-0.094432553
Rare,,-0.635612371,-0.363520291,-0.094432553
Rare,,-0.635612371,0.050909133,-0.094432553
Rare,,0.484054043,-1.425474563,-0.101574359
Rare,,0.484054043,1.541895708,0.697760744
Rare,,1.062095059,1.610086426,0.713782657
Rare,,-0.084031075,-0.363520291,0.712140142
Rare,,0.861988879,0.686036127,0.706438953
Rare,,2.301818463,0.686036127,0.698334399
Rare,,0.484054043,-0.541723575,0.698334399
Rare,,0.484054043,0.463496848,0.698334399
Rare,,1.585985516,0.662237469,0.698334399
Rare,,1.41298296,-0.654880004,0.676361382
Rare,,1.74975379,-0.303778911,0.671170914
Rare,,0.448354114,1.230632441,0.671170914
Rare,,0.951660987,1.610086426,0.67097993
Rare,,-0.258091324,-0.597675237,0.66434384
Rare,,-0.514832717,-0.338184662,0.66434384
Rare,,-0.258091324,1.554810543,0.66434384
Rare,,2.234425992,-0.429107079,0.653431748
Rare,,1.299126202,3.292359375,0.645798033
Rare,,2.96934253,-1.443911886,0.633930754
Rare,,0.439404802,-0.934811555,0.587700185
Rare,,0.439404802,0.258132338,0.587700185
Rare,,0.842645742,-1.82951947,0.578870599
Rare,,0.842645742,-1.53906357,0.578870599
Rare,,-0.516510961,-0.986678681,0.53574044
Rare,,-0.516510961,-0.909931671,0.53574044
Rare,,-0.516510961,-0.857010866,0.53574044
Rare,,-1.04789128,-0.416140297,0.594179509
Rare,,0.802450544,-0.289917049,0.552968592
Rare,,0.802450544,0.050909133,0.552968592
Rare,,0.764591175,-1.298400107,0.543301725
Rare,,0.208717133,,0.595519104
Rare,,0.208717133,-1.635017096,0.595519104
Rare,,0.208717133,-0.986678681,0.595519104
Rare,,-1.417197158,-1.386897063,0.594998559
Rare,,-0.203706958,-0.654880004,0.592113607
Rare,,-0.203706958,-1.771168958,0.592113607
Rare,,-0.203706958,-1.436618543,0.592113607
Rare,,-0.203706958,-0.338184662,0.592113607
Rare,,0.535996979,-0.650589003,0.592113607
Rare,,-0.203706958,-1.391890601,0.592113607
Rare,,-0.203706958,0.232198775,0.592113607
Rare,,-0.237567441,0.309999464,0.592113607
Rare,,-0.90639574,1.353631543,0.584464509
Rare,,1.190025006,-0.857010866,0.578461059
Rare,,1.190025006,-0.055177329,0.578461059
Rare,,1.190025006,-0.528201878,0.578461059
Rare,,1.190025006,-1.116223849,0.578461059
Rare,,2.902536703,-0.745145612,0.578203653
Rare,,1.887010046,4.660515951,0.572283814
Rare,,2.361365641,1.353631543,0.572283814
Rare,,1.917106315,-1.306608905,0.568699863
Rare,,-1.947887305,0.463496848,0.562451261
Rare,,-0.462410737,-1.145521109,0.561585844
Rare,,-0.462410737,-1.836002865,0.561585844
Rare,,0.096484704,-0.623608579,0.558025802
Rare,,-0.738645975,0.828918645,0.558025802
Rare,,1.397090159,-0.310461028,0.558025802
Rare,,0.484054043,-0.44207386,0.548815
Rare,,0.295669864,0.245165556,0.5460437
Rare,,0.484054043,-1.300215456,0.544040891
Rare,,-0.906046218,0.141431305,0.538043637
Rare,,-0.829912892,-0.130871106,0.535849129
Rare,,-0.829912892,-1.306608905,0.535849129
Rare,,0.374666094,-1.443911886,0.495849914
Rare,,0.374666094,-1.306608905,0.495849914
Rare,,0.374666094,-1.168213585,0.495849914
Rare,,0.597564558,0.387800152,0.471899062
Rare,,0.597564558,-0.468007406,0.471899062
Rare,,0.965023116,,0.443813542
Rare,,-1.707402768,-0.104937543,0.51540888
Rare,,-0.860833059,1.08800635,0.503041239
Rare,,0.484054043,,0.509507559
Rare,,0.484054043,-0.423920366,0.509507559
Rare,,-0.55848072,0.662237469,0.503045979
Rare,,-0.214964359,-0.842117251,0.494212982
Rare,,-0.214964359,0.465600841,0.494212982
Rare,,-0.214964359,-0.001203291,0.494212982
Rare,,-0.584983897,-0.363520291,0.494212982
Rare,,-1.393454928,-0.831077303,0.496128612
Rare,,0.544116039,0.958338539,0.495224502
Rare,,0.614744871,-1.306608905,0.488500094
Rare,,0.484054043,0.569335092,0.486303791
Rare,,0.301763192,-0.857010866,0.485519255
Rare,,0.301763192,-0.338184662,0.485519255
Rare,,0.301763192,-1.764685567,0.485519255
Rare,,0.301763192,-0.948678687,0.485519255
Rare,,1.80683727,3.033027095,0.478552547
Rare,,0.898582569,0.971305317,0.478149015
Rare,,-0.047685499,-1.764685567,0.472950543
Rare,,-0.047685499,-0.745145612,0.472950543
Rare,,1.198860689,0.204157853,0.462825441
Rare,,1.198860689,-0.745145612,0.462825441
Rare,,1.758733604,-0.519874548,0.454808024
Rare,,-0.103947238,1.610086426,0.447323218
Rare,,-0.447383528,-1.82951947,0.444851998
Rare,,0.286112533,0.154398087,0.444851998
Rare,,0.548570085,-0.610641965,0.444851998
Rare,,0.548570085,0.971305317,0.444851998
Rare,,0.08980364,-0.76782383,0.443104611
Rare,,-0.257611726,-0.758220329,0.443104611
Rare,,-0.157395755,-0.528201878,0.435999104
Rare,,-0.844476425,2.07348174,0.435999104
Rare,,0.377090094,1.333065601,0.3319844
Rare,,0.377090094,-0.143837887,0.416249817
Rare,,2.03399347,0.309999464,0.411859413
Rare,,0.484054043,0.258132338,0.411859413
Rare,,0.931825307,-1.725909202,0.407847783
Rare,,0.931825307,-1.836002865,0.407847783
Rare,,0.931825307,-1.660900903,0.407847783
Rare,,0.931825307,-0.72721909,0.407847783
Rare,,0.931825307,-0.745145612,0.407847783
Rare,,0.931825307,-1.116223849,0.407847783
Rare,,0.931825307,-1.168213585,0.407847783
Rare,,-0.855567018,1.010205661,0.403484889
Rare,,0.484054043,-0.806197376,0.398523155
Rare,,1.165455063,2.903355752,0.398523155
Rare,,0.073005532,-1.016934496,0.397538399
Rare,,-0.494437355,4.172575402,0.394426078
Rare,,0.263511322,1.412175894,0.394083578
Rare,,0.434789528,-1.635017096,0.391110239
Rare,,-0.734099663,-1.030367113,0.389481261
Rare,,-0.731916435,-1.504668172,0.389255632
Rare,,-0.010669299,-0.986678681,0.385837959
Rare,,-0.010669299,,0.385837959
Rare,,-0.010669299,-0.623608579,0.385837959
Rare,,-0.010669299,1.610086426,0.385837959
Rare,,-0.010669299,-0.792176959,0.385837959
Rare,,1.365886999,-0.828483947,0.381269998
Rare,,0.512394511,-0.519874548,0.381269998
Rare,,0.512394511,-1.099489679,0.381269998
Rare,,0.512394511,-1.530623589,0.381269998
Rare,,0.512394511,-1.306608905,0.381269998
Rare,,0.512394511,,0.381269998
Rare,,0.512394511,-1.306608905,0.381269998
Rare,,0.331733514,-0.500424377,0.381269998
Rare,,0.43383727,-0.918214073,0.381269998
Rare,,0.512394511,-1.635017096,0.381269998
Rare,,0.512394511,-0.654880004,0.381269998
Rare,,-0.210269676,0.569335092,0.381269998
Rare,,0.512394511,0.284065901,0.381269998
Rare,,0.512394511,-0.117904248,0.381269998
Rare,,-0.438000473,0.050909133,0.381269998
Rare,,0.512394511,-0.055177329,0.381269998
Rare,,0.512394511,0.206265544,0.381269998
Rare,,0.512394511,-0.545808112,0.381269998
Rare,,0.512394511,-0.766243396,0.381269998
Rare,,1.432697647,-0.649542363,0.381269998
Rare,,0.512394511,-0.416140297,0.381269998
Rare,,0.512394511,-0.322188105,0.381269998
Rare,,0.512394511,-1.100526994,0.381269998
Rare,,0.976158226,0.115497742,0.377362021
Rare,,0.606751021,0.958338539,0.378009863
Rare,,-2.843183769,,0.374701751
Rare,,2.057082729,-0.338184662,0.373134781
Rare,,-0.082060307,0.465600841,0.373134781
Rare,,0.484054043,1.178779625,0.373134781
Rare,,0.764591175,-0.837560687,0.372534554
Rare,,0.800024717,-0.72721909,0.35730846
Rare,,1.31355782,-0.455040642,0.35730846
Rare,,1.065848746,-0.630092191,0.357076232
Rare,,0.535096603,-0.72721909,0.357076232
Rare,,0.354163796,-1.635017096,0.357076232
Rare,,0.354163796,-1.070962177,0.357076232
Rare,,0.602471305,,0.355252748
Rare,,0.283554516,-0.036758494,0.355252748
Rare,,0.407154213,-0.648159127,0.350856004
Rare,,0.407154213,0.944594786,0.350856004
Rare,,0.407154213,0.074490039,0.350856004
Rare,,-0.26515086,-1.517941161,0.347131631
Rare,,-0.26515086,-0.846394442,0.347131631
Rare,,-0.26515086,-1.284914654,0.347131631
Rare,,-0.26515086,-0.790800652,0.347131631
Rare,,-0.26515086,-1.401615686,0.347131631
Rare,,-1.034505095,,0.342955578
Rare,,-0.745312879,-1.635017096,0.338925231
Rare,,1.74975379,1.541895708,0.333412764
Rare,,-0.720484893,-0.001203291,0.318128264
Rare,,-0.720484893,-0.986678681,0.318128264
Rare,,0.899070774,-0.805142981,0.318128264
Rare,,0.363727292,-0.014170073,0.316022887
Rare,,0.494008119,-1.306608905,0.315722045
Rare,,0.494008119,-1.306608905,0.315722045
Rare,,0.494008119,-0.130871106,0.315722045
Rare,,0.494008119,0.204157853,0.315722045
Rare,,-1.393454928,,0.311233935
Rare,,0.255895496,1.586041488,0.306232759
Rare,,0.255895496,0.504502172,0.306232759
Rare,,0.587346543,-0.338184662,0.304401721
Rare,,1.848694945,-0.909931671,0.304401721
Rare,,2.091896033,-0.338184662,0.304401721
Rare,,0.587346543,-1.104433393,0.304401721
Rare,,0.587346543,-0.514687836,0.304401721
Rare,,0.951660987,0.180331649,0.304401721
Rare,,1.953820694,-0.636575581,0.304401721
Rare,,0.587346543,0.463496848,0.304401721
Rare,,0.587346543,0.050909133,0.304401721
Rare,,-1.840982707,-1.090412932,0.303765002
Rare,,-1.055464474,-1.347673876,0.267240115
Rare,,-0.928161354,-0.72721909,0.269131634
Rare,,-1.728271941,0.893504628,0.267127494
Rare,,-0.588286415,-0.338184662,0.258508195
Rare,,0.484054043,-1.401615686,0.256904578
Rare,,2.037334002,-0.908877992,0.256904578
Rare,,-0.905675,-0.558774893,0.256904578
Rare,,-0.514353269,-0.909931671,0.252301645
Rare,,-0.78640166,-0.72721909,0.252301645
Rare,,-0.514353269,-0.338184662,0.252301645
Rare,,0.296916645,-1.306608905,0.242540194
Rare,,0.296916645,-1.647984528,0.242540194
Rare,,0.296916645,-1.504668172,0.242540194
Rare,,0.800024717,0.463496848,0.239020508
Rare,,0.838941191,-1.504668172,0.238781778
Rare,,0.838941191,0.569335092,0.238781778
Rare,,0.838941191,-0.143837887,0.238781778
Rare,,1.74975379,0.828918645,0.236920119
Rare,,1.882556001,-0.549957482,0.236920119
Rare,,0.778866486,-0.934811555,0.236920119
Rare,,0.235540262,-1.306608905,0.234008025
Rare,,0.235540262,-1.116223849,0.234008025
Rare,,-0.905675,-0.055177329,0.198400037
Rare,,2.301818463,-0.934811555,0.198400037
Rare,,1.297962839,-0.986678681,0.218258086
Rare,,0.484054043,-0.83601025,0.21304581
Rare,,2.368046706,0.050909133,0.21304581
Rare,,0.965023116,1.610086426,0.21304581
Rare,,-0.826003306,-0.143837887,0.199350725
Rare,,-0.915696123,-0.416140297,0.198010433
Rare,,-0.516510961,-0.014170073,0.197573577
Rare,,0.115450999,2.255016721,0.197573577
Rare,,0.40016946,-1.588969547,0.191334707
Rare,,0.40016946,-1.297881435,0.191334707
Rare,,-0.184052429,-0.869977648,0.191334707
Rare,,0.40016946,-1.428837846,0.191334707
Rare,,0.40016946,-1.635017096,0.191334707
Rare,,-0.037136028,,0.184268187
Rare,,-0.037136028,-0.934811555,0.184268187
Rare,,-0.865584823,-0.909931671,0.182144865
Rare,,0.151417901,-0.014170073,0.176532103
Rare,,0.787671214,0.999832789,0.165128931
Rare,,1.299126202,0.316482855,0.161552852
Rare,,0.392996133,,0.15451808
Rare,,0.484054043,0.10253096,0.152944908
Rare,,0.367902964,-0.416140297,0.144154783
Rare,,0.367902964,1.610086426,0.144154783
Rare,,-1.091530077,1.586041488,0.14077766
Rare,,0.484054043,-0.007685393,0.139101985
Rare,,0.804009544,-1.43403264,0.134049134
Rare,,1.233114924,-0.520928228,0.13101318
Rare,,2.568544931,-0.050492027,0.119349251
Rare,,1.499508293,-0.604466948,0.112952657
Rare,,1.833563165,0.958338539,0.112952657
Rare,,-1.238414204,-1.168461579,0.112952657
Rare,,0.096484704,-1.401615686,0.112555722
Rare,,0.337003033,-1.764685567,0.112555722
Rare,,0.557539566,-0.650589003,0.112555722
Rare,,0.557539566,-1.764685567,0.112555722
Rare,,0.557539566,-1.8940125,0.112555722
Rare,,0.557539566,-1.764685567,0.112555722
Rare,,0.557539566,-1.635017096,0.112555722
Rare,,0.557539566,-0.72721909,0.112555722
Rare,,0.557539566,,0.112555722
Rare,,0.557539566,-1.725909202,0.112555722
Rare,,-0.082060307,-1.310770012,0.112555722
Rare,,0.170028207,-1.635017096,0.112555722
Rare,,0.557539566,-1.504668172,0.112555722
Rare,,0.557539566,-0.909931671,0.112555722
Rare,,0.557539566,-0.558774893,0.112555722
Rare,,-0.504944742,0.309999464,0.09954905
Rare,,0.319326463,1.610086426,0.088356217
Rare,,0.602471305,,0.071538695
Rare,,-0.964044232,1.610086426,0.055201194
Rare,,-0.964044232,,0.055201194
Rare,,-0.964044232,0.958338539,0.055201194
Rare,,-0.964044232,0.958338539,0.055201194
Rare,,0.104987875,-1.660900903,0.046480551
Rare,,0.104987875,-0.414065612,0.046480551
Rare,,0.104987875,-1.306608905,0.046480551
Rare,,-0.663633537,0.463496848,0.034053089
Rare,,-1.426466128,1.353631543,0.004365784
Rare,,0.845532969,-1.764685567,-0.015254951
Rare,,0.845532969,-1.025579025,-0.015254951
Rare,,1.233114924,0.699002907,-0.011165979
Rare,,-0.53068611,-0.591191847,-0.012137982
Rare,,-0.53068611,-1.764685567,-0.012137982
Rare,,-0.53068611,-0.520928228,-0.012137982
Rare,,-0.102093431,-0.986678681,-0.013187572
Rare,,-0.102093431,-1.517941161,-0.013187572
Rare,,0.115450999,-1.424502159,-0.013187572
Rare,,-0.701131469,0.699002907,-0.018139337
Rare,,-0.701131469,-0.338184662,-0.018139337
Rare,,-0.701131469,-0.325372827,-0.018139337
Rare,,-0.983683181,-0.986678681,-0.024631361
Rare,,-0.983683181,,-0.024631361
Rare,,-0.983683181,-1.117400172,-0.024631361
Rare,,-0.983683181,0.543401529,-0.024631361
Rare,,-0.983683181,0.258132338,-0.024631361
Rare,,-0.752010515,2.566219434,-0.032490515
Rare,,0.014526246,-0.44207386,-0.045945251
Rare,,0.014526246,1.610086426,-0.045945251
Rare,,0.014526246,1.610086426,-0.045945251
Rare,,2.234425992,-1.504668172,-0.047969772
Rare,,-1.16318324,-0.72721909,-0.049301162
Rare,,-0.544897509,0.958338539,-0.049301162
Rare,,-0.237567441,0.569335092,-0.055924595
Rare,,0.392996133,,-0.056245558
Rare,,0.392996133,-1.341968492,-0.056245558
Rare,,0.392996133,-1.168461579,-0.056245558
Rare,,-1.227346182,-0.039828366,-0.057725896
Rare,,-0.100829405,-0.338184662,-0.062060158
Rare,,-0.100829405,-0.76782383,-0.062060158
Rare,,-0.100829405,-0.746793141,-0.062060158
Rare,,-0.731916435,1.412175894,-0.063115886
Rare,,-0.504653326,0.011766327,-0.104956792
Rare,,-0.001662061,2.302902301,-0.103784352
Rare,,-0.001662061,-0.71437128,-0.103784352
Rare,,-0.001662061,-0.498609027,-0.103784352
Rare,,0.931825307,-1.504668172,-0.127256291
Rare,,1.954052771,0.357976555,-0.151880223
Rare,,0.393525115,-1.557217057,-0.089180566
Rare,,0.393525115,-1.303830881,-0.089180566
Rare,,0.393525115,0.478567623,-0.089180566
Rare,,0.393525115,-1.349674187,-0.089180566
Rare,,0.393525115,-1.764685567,-0.089180566
Rare,,1.397090159,0.463496848,-0.089180566
Rare,,-2.107563374,,-0.104942421
Rare,,0.286895062,-0.338184662,-0.112530097
Rare,,-0.563270437,-0.120011683,-0.116544912
Rare,,-2.108266459,-0.805142981,-0.134428989
Rare,,2.237765944,0.180331649,-0.134994969
Rare,,-0.668673025,-0.909931671,-0.13564559
Rare,,0.363727292,0.074490039,-0.156844266
Rare,,0.275537238,-1.635017096,-0.160943981
Rare,,0.275537238,-0.338184662,-0.160943981
Rare,,1.054693722,0.10253096,-0.163786159
Rare,,1.054693722,0.204157853,-0.163786159
Rare,,0.849425244,-0.986678681,-0.325155802
Rare,,0.849425244,0.175794595,-0.325155802
Rare,,-1.008555429,-0.338184662,-0.325155802
Rare,,1.499508293,-0.050492027,-1.116564567
Rare,,-0.191280677,0.504502172,-0.407821747
Rare,,-1.640592121,-0.322188105,-0.407821747
Rare,,1.903000246,0.932404973,-0.407821747
Rare,,0.148709294,-0.746793141,-0.505450042
Rare,,0.083122574,-0.334968245,-0.507081437
Rare,,-0.49483272,-0.545808112,-0.521595593
Rare,,-0.148478835,-0.571741671,-0.550877288
Rare,,0.452808205,0.828918645,-0.68066642
Rare,,-0.162613354,-0.151617956,-0.68066642
Rare,,-0.464689354,1.610086426,-0.68066642
Rare,,-0.162613354,-0.111420933,-0.68066642
Rare,,-0.162613354,-0.011417458,-0.68066642
Rare,,1.56631894,0.491534404,-0.755036342
Rare,,0.136571092,-1.495195352,-0.810616543
Rare,,1.74975379,0.593161296,-0.822284188
Rare,,0.934419833,-1.725909202,-0.996871279
Rare,,1.548435238,0.958338539,-1.115040867
Rare,,1.548435238,-0.127499,-1.115040867
Rare,,0.363727292,0.180331649,-1.115040867
Rare,,1.548435238,-1.514815688,-1.115040867
Rare,,-0.381211423,-0.338184662,-0.327070381
Rare,,-1.112364256,2.255016721,-0.283837557
Rare,,2.771350819,-1.306608905,-0.285849597
Rare,,2.771350819,-1.635017096,-0.285849597
Rare,,2.771350819,0.050909133,-0.285849597
Rare,,2.771350819,-0.908877992,-0.285849597
Rare,,-0.744872225,0.335933026,-0.300855273
Rare,,-0.744872225,-0.416025456,-0.300855273
Rare,,-0.744872225,-1.635017096,-0.300855273
Rare,,0.564159234,-1.297881435,-0.308065248
Rare,,-0.950100414,,-0.310425516
Rare,,-0.462410737,-1.427481073,-0.310425516
Rare,,-0.950100414,,-0.310425516
Rare,,-0.950100414,-1.647984528,-0.310425516
Rare,,-0.950100414,,-0.310425516
Rare,,-0.950100414,,-0.310425516
Rare,,-0.950100414,-1.588969547,-0.310425516
Rare,,-0.950100414,0.050909133,-0.310425516
Rare,,1.56631894,-0.468007406,-0.310669447
Rare,,-1.493652225,-1.116223849,-0.319182147
Rare,,-0.033582831,-0.888131142,-0.321274904
Rare,,1.56631894,-0.160397711,-0.321274904
Rare,,0.1120969,-0.961521059,-0.324529796
Rare,,0.1120969,1.480309365,-0.324529796
Rare,,0.557539566,3.292359375,-0.338519088
Rare,,-0.703016036,,-0.345438403
Rare,,-0.703016036,-1.557217057,-0.345438403
Rare,,-1.096085296,0.463496848,-0.347769565
Rare,,2.004339343,-0.909931671,-0.347769565
Rare,,1.492827228,0.699002907,-0.352552622
Rare,,0.484054043,-1.005911012,-0.357488295
Rare,,-1.740572473,-0.597675237,-0.364449102
Rare,,-0.237567441,0.284065901,-0.366964319
Rare,,-0.913634831,-0.640378301,-0.428171809
Rare,,-0.117309367,0.569335092,-0.441019021
Rare,,-0.117309367,1.334375398,-0.441019021
Rare,,-0.131283656,-0.986678681,-0.459030118
Rare,,0.484054043,0.439884451,-0.394168916
Rare,,-0.050431134,0.599122324,-0.398116201
Rare,,-0.050431134,-1.1098631,-0.398116201
Rare,,-0.050431134,1.438109449,-0.398116201
Rare,,-0.050431134,0.699002907,-0.398116201
Rare,,-0.050431134,-0.72721909,-0.398116201
Rare,,-0.90639574,-0.72721909,-0.400495567
Rare,,0.484054043,1.295474853,-0.421192061
Rare,,0.895290894,-1.096758692,-0.435550205
Rare,,-0.804238917,0.258132338,-0.437650887
Rare,,0.57509803,-0.596378559,-0.440440752
Rare,,-2.251909537,0.699002907,-0.454454987
Rare,,0.484054043,1.282508072,-0.455877036
Rare,,-0.100829405,-1.148625136,-0.463447336
Rare,,1.299126202,-0.570444996,-0.487596185
Rare,,-1.668284024,-0.72721909,-0.50769187
Rare,,-0.13509754,-0.72721909,-0.501581757
Rare,,-0.13509754,0.828918645,-0.501581757
Rare,,-0.13509754,-1.039599486,-0.501581757
Rare,,0.484054043,-1.284914654,-0.507272215
Rare,,-1.411656085,-1.308710605,-0.512156291
Rare,,-0.81633586,-0.091970188,-0.513091038
Rare,,1.397090159,-0.909931671,-0.5241243
Rare,,-9.74896E-05,-0.121497469,-0.5241243
Rare,,0.484054043,-1.128921342,-0.527988175
Rare,,-1.266266328,-1.306608905,-0.526465377
Rare,,-2.534184526,-0.338184662,-0.526657939
Rare,,1.013359345,-0.014170073,-0.541062098
Rare,,1.013359345,1.610086426,-0.541062098
Rare,,-1.150647378,-0.338184662,-0.544765517
Rare,,-0.037136028,-0.701409489,-0.567999359
Rare,,1.146748076,-1.005911012,-0.660832003
Rare,,-0.711883386,-0.12049768,-0.587539955
Rare,,-0.837630524,-1.764685567,-0.603853905
Rare,,-0.837630524,-1.504668172,-0.603853905
Rare,,-0.837630524,-1.764685567,-0.603853905
Rare,,-0.420369885,-0.986678681,-0.605249822
Rare,,-0.420369885,-0.796066993,-0.605249822
Rare,,-0.420369885,0.510984644,-0.605249822
Rare,,2.03399347,0.875922109,-0.610558958
Rare,,1.098644983,0.128464523,-0.62044114
Rare,,-1.923243515,-1.285044293,-0.653241958
Rare,,2.167614764,2.255016721,-0.657934437
Rare,,-1.105209898,0.206265544,-0.664151613
Rare,,2.217428281,0.463496848,-0.712045938
Rare,,-0.837630524,,-0.69667028
Rare,,-1.640592121,1.610086426,-0.714788869
Rare,,-1.432957157,0.491534404,-0.714788869
Rare,,-1.515110766,-0.597675237,-0.714788869
Rare,,-1.432957157,0.958338539,-0.714788869
Rare,,1.308429842,1.188579564,-0.723650505
Rare,,0.25270721,-0.121497469,-0.741796518
Rare,,-0.731916435,-0.416140297,-0.752864371
Rare,,-0.821043934,-1.959187288,-0.796002421
Rare,,-0.222833929,-0.857010866,-0.808491785
Rare,,-0.024612279,-0.870107232,-0.818600356
Rare,,0.170028207,0.44621811,-0.846163858
Rare,,0.170028207,-1.306608905,-0.846163858
Rare,,-0.601233123,,-0.853099913
Rare,,-0.601233123,0.128464523,-0.853099913
Rare,,-1.026982814,-0.909931671,-0.856797601
Rare,,-0.720484893,-0.020623209,-0.866938449
Rare,,-0.193186229,0.958338539,-0.902763901
Rare,,0.535996979,-0.455040642,-0.912628343
Rare,,-0.913634831,-0.528201878,-0.921789159
Rare,,-0.733514741,-0.72721909,-0.921789159
Rare,,-0.733514741,-1.647984528,-0.921789159
Rare,,0.484054043,-1.168213585,-0.960715492
Rare,,-2.909994416,-0.299439259,-1.052615377
Rare,,2.555116523,0.828918645,-1.087450288
Rare,,-1.105209898,,-1.103647061
Rare,,-0.731916435,-1.290101366,-1.112245017
Rare,,0.484054043,-1.764444936,-1.13405498
Rare,,0.363727292,0.105439799,-1.141236213
Rare,,-1.026982814,-0.909931671,-1.156556337
Rare,,-1.46004073,-0.649542363,-1.294734142
Rare,,-1.024056483,3.291119402,-1.294734142
Rare,,-0.118062435,-1.306608905,-1.40777956
Rare,,-1.026982814,-1.306608905,-1.846542221
Rare,,-1.086063725,-0.958100491,-1.846542221
Rare,,0.800024717,-1.284914654,-2.01192635
Rare,,-1.431016841,0.569335092,-2.015536238
Rare,,-1.431016841,-0.947778336,-2.015536238
Rare,,-1.431016841,-1.306608905,-2.015536238
Rare,,-1.431016841,-1.764685567,-2.015536238
Rare,,-1.431016841,-0.909931671,-2.015536238
Rare,,-1.431016841,-1.635017096,-2.015536238
Rare,,-1.431016841,-1.443911886,-2.015536238
Rare,,-1.431016841,-1.024189346,-2.015536238
Rare,,-1.431016841,-1.537766892,-2.015536238
Rare,,0.398348008,3.552159663,-2.051068539
Rare,,-0.037136028,0.504502172,-1.281836983
Rare,,-1.034505095,-0.401522877,-1.290496146
Rare,,-0.932345388,0.463496848,-1.290496146
Rare,,-0.844932519,-0.745145612,-1.290496146
Rare,,-0.598346026,-1.834599907,-1.292977395
Rare,,-1.533695086,-1.504668172,-1.381982089
Rare,,-1.533695086,,-1.381982089
Rare,,0.115450999,-1.504668172,-1.621697257
Rare,,0.210062804,-0.571741671,-1.621697257
Rare,,-1.947887305,-0.493940986,-1.614017147
Rare,,-1.947887305,-0.338184662,-1.718540056
Rare,,-0.091131164,-0.870491236,-1.733290287
Rare,,-1.431016841,-0.919202058,-1.79589845
Rare,,-1.533695086,-1.660900903,-1.863766786
Rare,,-1.947887305,-0.986678681,-1.908594841
Rare,,1.018500044,0.115497742,-1.886689606
Rare,,-1.432957157,1.502962154,-1.928135835
Rare,,-2.856545899,0.180331649,-1.937764955
Rare,,-1.506970827,,-1.988427977
Rare,,-0.126945039,1.438109449,-2.028188543
Rare,,-0.126945039,-0.835427935,-2.068046378
Rare,,-0.126945039,,-2.068046378
Rare,,-0.126945039,-1.090412932,-2.068046378
Rare,,-0.126945039,-1.79061913,-2.068046378
Rare,,-0.126945039,-0.986678681,-2.068046378
Rare,,-0.126945039,-1.168213585,-2.068046378
Rare,,-0.126945039,-0.121497469,-2.068046378
Rare,,-0.057573308,-0.999645462,-2.068046378
Rare,,0.407154213,0.128464523,-2.068046378
Rare,,0.063154668,-0.545808112,-2.068046378
Rare,,-0.126945039,-1.414582468,-2.068046378
Rare,,-0.126945039,-1.469118408,-2.068046378
Rare,,-1.110712497,-1.635017096,-2.068046378
Rare,,-0.126945039,-0.001203291,-2.068046378
Rare,,-0.126945039,-1.635017096,-2.068046378
Rare,,-0.126945039,-1.76663058,-2.068046378
Rare,,-0.126945039,-0.857010866,-2.068046378
Rare,,-0.126945039,-0.761042699,-2.068046378
Rare,,-0.126945039,-0.863494257,-2.068046378
Rare,,-0.126945039,-0.050492027,-2.068046378
Rare,,-1.621515833,0.971305317,-2.163255271
Rare,,0.331658182,-0.493940986,-2.832716998
Rare,,0.5196188,-1.116223849,-3.005060873
Rare,,0.791316215,0.569335092,-2.947685769
Rare,,1.365886999,-0.055177329,-2.947685769
Rare,,-1.024039935,-1.288545353,-2.327937309
Rare,,-0.438000473,1.414769847,-2.382155873
Rare,,-1.552891308,-0.805142981,-2.420793778
Rare,,-0.700934189,-1.595597948,-2.420793778
Rare,,-0.700934189,,-2.420793778
Rare,,-0.731916435,1.904917743,-2.432031872
Rare,,-2.00805068,1.412175894,-2.460481749
Rare,,1.098644983,-1.684497155,-2.480962486
Rare,,1.098644983,-1.160057659,-2.480962486
Rare,,1.098644983,-1.323814998,-2.480962486
Rare,,0.374666094,0.379880153,-2.525291541
Rare,,0.484054043,0.701755522,-2.525291541
Rare,,-0.64693098,1.282508072,-2.525291541
Rare,,-0.083903957,0.958338539,-2.551665255
Rare,,-0.905675,-0.027136846,-2.557661119
Rare,,-1.483587101,1.08800635,-2.632981441
Rare,,0.87148821,-0.130871106,-2.754990785
Rare,,-1.707402768,3.163125727,-2.792484088
Rare,,-1.523662124,-0.455040642,-2.856879173
Rare,,-1.523662124,-1.153574268,-2.856879173
Rare,,-3.153912164,0.954496435,-5.406660843
Rare,,-0.091131164,-0.70789288,
Rare,,-0.144336686,-0.611695698,
Rare,,0.178564979,1.480309365,
Rare,,-1.493652225,-1.635017096,
Rare,,-0.144336686,-0.986678681,
Rare,,-0.438000473,-0.338184662,
Rare,,-0.207910021,-1.635017096,
Rare,,0.296154842,0.300538865,
Rare,,,,
Rare,,-1.026982814,-1.764685567,
Rare,,,,
Rare,,,,
Rare,,-0.610573066,-1.139685593,
Rare,,,,
Rare,,,,
Rare,,-0.207910021,1.295474853,
Rare,,-0.564570363,-0.99140929,
Rare,,,,
Rare,,,,
Rare,,-0.037136028,-1.46904295,
Rare,,,,
Rare,,,,
Rare,,-0.091131164,-0.909931671,
Rare,,,,
Rare,,,,
Rare,,0.163295735,0.180331649,
Rare,,,,
Rare,,,,
Rare,,,,
Rare,,,,
Rare,,1.939050563,0.050909133,
Rare,,,,
Rare,,-1.947887305,-1.504668172,
Rare,,,,
Rare,,-0.22086587,-1.03854564,
Rare,,,,
Rare,,,,
Rare,,,,
Rare,,,,
Rare,,,,
Rare,,,,
Rare,,,,
Rare,,-1.053562702,,
Rare,,,,
Rare,,,,
Rare,,0.208717133,-0.909931671,
Rare,,-0.738645975,-0.401522877,
Rare,,-0.90639574,1.333065601,
Rare,,,-0.650589003,
Rare,,0.301923106,,
Rare,,-1.947887305,0.300538865,
Rare,,0.145009733,2.60511981,
Rare,,-1.106106866,0.958338539,
Rare,,-0.610573066,-1.764685567,
Rare,,0.178644536,0.206265544,
Rare,,-0.091131164,-0.011829095,
Rare,,0.178644536,-0.462123977,
Rare,,0.777953304,-0.857010866,
Rare,,1.800156205,0.593161296,
Rare,,-0.70207921,-0.921844311,
Rare,,,0.711969689,
Rare,,-0.837888898,-0.757212228,
Rare,,0.01631717,-0.745145612,
Rare,,-0.237567441,,
Rare,,-0.207910021,0.958338539,
Rare,,-1.026982814,-1.8940125,
Rare,,0.463943263,-0.099370201,
Rare,,1.085290695,-0.039828366,
Rare,,-0.837888898,-1.959187288,
Rare,,-0.70761307,-1.297881435,
Rare,,-1.947887305,-0.986678681,
Rare,,-1.053562702,-0.909931671,
Rare,,-0.091131164,,
Rare,,0.572449046,-0.613515107,
Rare,,0.191821039,-1.68442119,
Rare,,0.764715344,,
Rare,,-0.11569923,0.309999464,
Rare,,-0.237567441,2.255016721,
Rare,,0.318583266,0.958338539,
Rare,,-0.70761307,-0.027136846,
lover,,0.584507812,-0.104937543,1.114880299
lover,,-0.037136028,0.309999464,0.612908764
lover,,-0.197482058,0.048556535,0.577408142
lover,,0.484054043,1.188579564,0.5625176
lover,,0.978385246,1.399209105,0.479039764
lover,,-1.431016841,-0.921844311,-2.015536238
lover,,-0.741988918,-0.604466948,-2.383127386
lover,,-0.837888898,-0.934811555,
lover,,-0.206390228,0.841637503,1.309615204
lover,,0.512394511,-0.121497469,0.381269998
lover,,0.838082887,0.208923094,1.762117328
lover,,1.456083905,1.610086426,1.383992698
lover,,1.397090159,0.050909133,1.36439624
lover,,0.584507812,-0.130871106,1.114880299
lover,,-0.060445288,3.291119402,1.02644315
lover,,1.833563165,-0.597675237,0.291735105
lover,,0.252932971,-1.771168958,-0.05568421
lover,,0.31951786,-0.519874548,-2.947685769
lover,,-1.024039935,-1.627237675,-2.327937309
lover,,-1.22299103,1.610086426,-2.525291541
lover,,-1.026982814,-1.155156971,
insensitive,,-1.726332418,0.599122324,1.200146753
insensitive,,0.497348586,-0.314999402,-0.06159825
insensitive,,-0.421290237,0.169958663,0.6133419
insensitive,,0.474701209,0.044180444,-0.093429175
insensitive,,0.755905791,0.569335092,-0.407821747
insensitive,,-0.201579527,0.958338539,-0.793841521
insensitive,,-0.237567441,-0.468007406,-2.046191171
insensitive,,0.81469916,0.21279745,0.243361151
insensitive,,0.484054043,0.050909133,-0.749275139
insensitive,,-0.762032112,0.348899808,-2.632981441
insensitive,,0.484054043,0.309999464,1.477126042
insensitive,,0.31951786,-0.039828366,0.333999077
insensitive,,0.484054043,0.180331649,0.665983585
insensitive,,-0.491448991,-0.117904248,0.549408408
insensitive,,-0.037136028,0.958338539,0.613200819
insensitive,,-0.551570679,-0.338184662,0.609537964
insensitive,,0.21735818,0.673069344,0.599472725
insensitive,,-0.082060307,0.463496848,0.43342438
insensitive,,0.831406101,-0.664831663,-0.000631903
insensitive,,0.383770486,0.284065901,-0.127256291
insensitive,,-0.788105828,0.009772738,-0.348793871
insensitive,,-0.150264853,-1.010960673,-0.533230491
insensitive,,-0.527081334,0.300538865,-1.116900469
insensitive,,0.484054043,-0.039828366,-1.616999148
insensitive,,-1.523662124,-0.597675237,-2.856879173
Rare,3.216771738,0.898582569,-1.168213585,-0.056245558
lover,2.599270105,-0.413503234,0.439884451,-0.68066642
lover,2.216775026,-2.620481268,-0.545808112,-1.29707694
Rare,2.194211004,0.116527906,0.309999464,0.66434384
sensitive,2.146645363,1.145416512,0.050909133,0.041107923
Rare,2.139993786,0.076442973,-0.656025031,-0.402749386
insensitive,2.132898126,-1.686486534,1.081935852,-0.592486622
Rare,2.100874241,2.217428281,-1.310770012,-0.712045938
insensitive,2.08721787,-1.612913426,1.610086426,0.948280257
insensitive,2.072729294,-3.256071879,-0.648916976,-1.886689606
insensitive,2.069651221,0.273532919,0.463496848,-0.294671005
Rare,2.069579941,,,
Rare,2.041105929,-1.002550441,-0.72721909,-0.485837546
Rare,2.017625093,-2.687884682,,-1.548588518
Rare,2.003236421,-0.122898878,1.891979417,0.948340668
lover,1.974331709,-0.531535379,0.242185316,-0.592581117
Rare,1.967014292,-1.533695086,-0.908877992,-1.381982089
Rare,1.965141795,0.145009733,1.996021933,
sensitive,1.93399992,-1.026982814,0.180331649,-0.856797601
Rare,1.898934641,1.008450037,-0.571741671,0.065211489
lover,1.898059738,0.365954312,0.651569758,0.377330092
insensitive,1.881081008,0.115450999,0.050909133,-0.466218867
insensitive,1.878730128,-1.252462517,1.610086426,0.458231088
insensitive,1.841358254,1.265671028,0.22830874,-1.958485237
insensitive,1.813929758,0.343684099,0.105439799,-0.098019993
Rare,1.798305203,1.052631119,-0.986678681,2.169573259
Rare,1.798040852,-0.820940904,0.361866589,-0.000559323
Rare,1.753316956,-1.745616708,2.385056367,0.34286178
Rare,1.74056675,1.903000246,0.699002907,0.264844855
Rare,1.71727666,-0.118062435,-0.986678681,0.403484889
Rare,1.708996289,0.354163796,-0.741890352,0.357076232
Rare,1.702893611,-1.110712497,-1.414582468,-0.087080091
insensitive,1.69491419,0.869420662,1.353631543,-0.350789745
lover,1.685109096,0.736424641,0.309999464,1.5181516
insensitive,1.680739033,-1.13349931,-0.338184662,-0.802668606
lover,1.6781174,1.536887315,-0.571741671,-0.295152456
sensitive,1.674650716,-1.533695086,-0.527411566,-1.882774441
lover,1.658497466,0.484054043,0.893504628,0.198042103
lover,1.650256419,0.236787063,1.610086426,-0.68066642
sensitive,1.648315756,0.484054043,-0.303778911,-1.582529801
Rare,1.64622179,-1.226214269,2.255016721,-0.151639481
Rare,1.639517729,-1.533695086,-1.647984528,-2.792484088
Rare,1.639108107,0.196700674,0.234338294,0.263766139
lover,1.638266612,0.294900069,-0.72721909,-0.007185162
insensitive,1.632607396,-0.736355781,-0.716969627,-1.385926981
Rare,1.62124359,3.574848145,-0.72721909,0.633910618
lover,1.561153659,-2.041456003,1.610086426,0.087824487
Rare,1.552746166,-1.906897361,3.552159663,-1.38388631
Rare,1.546800899,-1.827716734,0.141431305,0.679273821
Rare,1.543245363,0.484054043,-0.433775076,0.41870101
Rare,1.539656888,0.484054043,0.115497742,1.217076151
Rare,1.53500807,-0.460270687,1.541895708,0.013004642
sensitive,1.521226293,-0.055063386,0.054560115,-0.011226015
Rare,1.5205601,-0.950100414,-1.03854564,-0.310425516
Rare,1.518278086,1.766750882,0.958338539,2.106274612
Rare,1.517579411,-0.598346026,-1.504668172,-1.292977395
sensitive,1.503981096,1.272829315,1.253981152,-0.827827961
Rare,1.495107458,-1.431016841,-1.168461579,-2.015536238
lover,1.484968644,1.74975379,-0.459530585,-0.283837557
lover,1.478515848,1.198860689,-0.650589003,0.003324022
Rare,1.468767872,-2.544206124,0.504502172,-1.116600486
Rare,1.46425211,-1.024289124,2.249181628,-0.667518197
insensitive,1.447194891,-0.538344397,0.050909133,-1.693217559
insensitive,1.417917305,-0.205954291,0.569335092,-0.782557506
Rare,1.399055018,-1.533695086,-0.934811555,-1.381982089
lover,1.384593737,-0.96803117,1.04910601,-1.1437516
sensitive,1.383655159,0.083122574,-0.758463327,-0.062969086
insensitive,1.383597666,1.799024612,0.958338539,-0.317487109
lover,1.370609088,0.393525115,-0.745145612,-0.089180566
insensitive,1.358855933,-0.955993781,0.945371754,0.653313638
Rare,1.35769744,-0.126945039,-1.660900903,-2.068046378
Rare,1.357344739,-0.950100414,-0.326423642,-1.295094941
insensitive,1.348964691,2.217428281,-1.116223849,-0.712045938
Rare,1.346940801,0.834101275,-0.805142981,-0.364099935
insensitive,1.346840332,0.867988602,0.309999464,-1.465660313
insensitive,1.337657417,-1.940705503,0.204157853,-1.333769367
insensitive,1.220507058,-0.70207921,0.699586412,-1.438455865
lover,1.213858752,0.038410831,0.504502172,0.139335714
sensitive,1.201227687,-1.0352319,0.001390068,0.535849129
insensitive,1.197651321,-1.740572473,-0.338184662,0.075870228
Rare,1.190759998,1.218107613,2.385056367,1.655633543
sensitive,1.188934958,-1.700114335,0.651569758,1.19306726
sensitive,1.186381603,0.374666094,0.309999464,0.645798033
Rare,1.185605874,0.463943263,1.610086426,1.007686543
sensitive,1.183178041,-0.511492185,0.139875291,-1.52825105
Rare,1.17456999,-1.831251283,1.188579564,0.388048795
Rare,1.172823891,1.499508293,2.255016721,0.458443631
sensitive,1.170199069,-0.126945039,0.463496848,-2.068046378
lover,1.170199069,0.557539566,-0.929495172,0.112555722
sensitive,1.167798724,-0.037136028,-0.338184662,0.61735162
Rare,1.155052207,0.374666094,-0.416140297,-0.653241958
sensitive,1.152962029,0.211354921,-0.694919558,-1.484945069
insensitive,1.143565719,-0.153593167,0.309999464,0.419537658
lover,1.138035717,-1.791678828,0.958338539,-0.515250465
sensitive,1.115741961,1.233114924,-0.604466948,-0.402749386
sensitive,1.115293862,-1.192960786,0.439018939,-0.435058785
Rare,1.115237842,-0.51817322,-0.831077303,-0.848531258
sensitive,1.109600304,-1.723676278,-0.597675237,0.504059213
Rare,1.108844674,-0.584983897,0.180331649,-0.121771581
Rare,1.105871811,-0.438000473,-0.468007406,0.004365784
insensitive,1.104681861,0.1120969,0.463496848,-0.324529796
sensitive,1.099129452,0.9858625,1.188579564,1.392115229
insensitive,1.098670906,-0.503094462,0.348899808,0.015946124
lover,1.097661323,1.299126202,-1.306608905,-0.295152456
Rare,1.094114729,2.239698475,2.255016721,2.125188535
Rare,1.094020368,-2.013858859,0.309999464,2.067626235
lover,1.086869611,1.299126202,-0.857010866,-0.487596185
sensitive,1.07796639,-0.425286855,0.491534404,0.948340668
sensitive,1.070348296,-0.951414132,1.586041488,0.652820738
sensitive,1.069005625,-0.757355366,0.309999464,-0.889190271
Rare,1.068316611,-1.003663954,0.958338539,-0.66188782
lover,1.06735715,0.185565564,-1.039599486,-0.020673769
insensitive,1.066838133,-1.616669464,0.309999464,-2.012458371
Rare,1.064814352,-0.70207921,0.686036127,-0.411432575
sensitive,1.056847438,-0.920373276,0.1738601,0.948340668
Rare,1.054680336,1.397090159,1.586041488,-0.112591292
Rare,1.049602117,-1.588045487,0.491534404,-0.426920051
sensitive,1.047660966,-0.541556976,-0.842117251,-0.015766989
insensitive,1.047349267,0.792057774,1.610086426,1.000159591
Rare,1.04660229,0.484054043,1.996021933,0.291735105
Rare,1.042731324,0.15494402,1.08800635,0.216225783
lover,1.035338431,-0.950100414,-0.338184662,-0.310425516
Rare,1.020710029,-1.813186291,1.139876788,1.472856271
sensitive,1.016268747,0.263511322,0.958419349,0.443104611
sensitive,1.013107426,0.444053241,0.569335092,0.465110042
Rare,1.013107426,-0.083903957,-1.005911012,-2.551665255
lover,1.003734174,-0.958381181,0.050909133,-0.844654592
Rare,0.993009073,-0.668673025,0.204157853,-0.13564559
Rare,0.992866937,-1.393454928,-0.338184662,0.496128612
sensitive,0.988254269,-1.263705109,1.489976575,-0.390414795
Rare,0.98754175,1.165455063,0.14455889,-2.165069957
sensitive,0.982973944,0.3748629,0.491534404,
Rare,0.978044012,2.368046706,-0.714472983,-1.281200369
insensitive,0.97670546,1.74975379,0.958338539,-0.635869852
insensitive,0.975253591,-0.39560009,0.160881493,-0.059039353
Rare,0.974710459,-1.723676278,-0.338184662,-0.62044114
insensitive,0.97053667,-0.407266878,-0.338184662,-0.764515079
sensitive,0.968333897,-0.83287202,1.610086426,-0.354134817
insensitive,0.965625119,1.299126202,-0.50690725,-0.487596185
Rare,0.954726598,-0.22086587,-0.68388528,
insensitive,0.945574039,-0.985839918,0.431106423,-1.365775386
Rare,0.940177949,-0.41484472,1.610086426,-0.319039011
Rare,0.93871162,-0.504653326,1.188579564,0.592113607
Rare,0.932868325,-1.811562198,1.891979417,-0.024631361
insensitive,0.93274702,-1.540605808,1.632611171,-0.282786959
Rare,0.919734686,1.472784034,1.230632441,0.357076232
Rare,0.910630159,1.054740268,1.610086426,1.509571665
insensitive,0.906630102,0.149933221,-0.338184662,0.082280724
lover,0.90515614,1.299126202,0.1738601,0.182144865
insensitive,0.903693804,0.362168671,0.309999464,-0.140814046
sensitive,0.902513911,-0.046984953,1.379758932,
Rare,0.893536432,-0.162613354,0.284065901,-0.68066642
insensitive,0.893259938,-0.89554737,-0.16977145,-0.934851198
insensitive,0.876730823,-1.005890974,1.243607727,0.042344637
insensitive,0.874065451,-0.51817322,-0.045015087,0.459519081
sensitive,0.87405786,-0.137548896,0.465600841,-1.116564567
Rare,0.872712133,0.476658525,2.043336013,1.269480988
insensitive,0.8681451,-1.881110432,0.309999464,-2.327937309
Rare,0.86028173,0.009630862,0.893504628,0.948340668
Rare,0.860247394,0.40016946,-0.944513851,0.191334707
sensitive,0.860130831,1.343490867,-0.593785203,1.427896762
Rare,0.85624429,-1.157892324,0.204157853,0.235062491
Rare,0.852853819,0.412165011,1.192617439,0.518501634
insensitive,0.845834766,1.18996086,0.463496848,0.544908459
insensitive,0.840337711,-0.438000473,0.491534404,0.366531752
lover,0.839747091,2.065635167,0.666585953,-0.102814469
Rare,0.839076947,-1.238414204,1.08800635,-0.283837557
Rare,0.836838312,0.163295735,-1.290101366,0.191334707
sensitive,0.818669807,1.065848746,1.610086426,1.793482045
sensitive,0.818542219,-0.155931294,0.463496848,-0.025871815
Rare,0.816052422,-0.438000473,-0.117904248,
Rare,0.80472905,0.463943263,-0.741890352,-0.63405545
Rare,0.803824852,-0.668673025,-0.468007406,-0.13564559
Rare,0.799714433,-0.91663213,2.0664797,0.538912149
Rare,0.798033613,0.063154668,0.10253096,-2.068046378
Rare,0.794948726,0.042528689,-0.72721909,0.488500094
sensitive,0.793279962,-0.804238917,-0.104937543,-2.525291541
sensitive,0.792726628,-0.037136028,-0.338184662,-1.035878249
Rare,0.787978116,,,
sensitive,0.787865837,-1.508641093,1.858829813,-2.008264273
lover,0.784838387,-1.533695086,-1.306608905,-1.765729797
Rare,0.783837271,2.417860222,-0.934811555,0.671170914
Rare,0.77787169,1.098644983,-0.156804668,-0.666218549
Rare,0.777222318,-0.067599431,-0.390197335,1.114880299
insensitive,0.775056412,-1.0352319,1.243607727,-0.545964272
Rare,0.768111691,-1.431016841,-0.11489825,-1.845635378
sensitive,0.764324927,0.019094226,0.932404973,-0.127256291
insensitive,0.761156146,-0.830185682,0.309999464,-0.323867066
insensitive,0.760144874,-0.566395877,-0.338184662,-0.161626999
sensitive,0.756236005,-0.421584681,1.610086426,-0.902763901
Rare,0.750307363,0.4773058,-0.688442707,0.268173245
Rare,0.74997965,0.181668279,0.300538865,0.236920119
Rare,0.748150368,0.800024717,0.204157853,-2.068046378
insensitive,0.746925748,-0.082060307,0.463496848,0.019120941
Rare,0.744906291,-1.235361508,1.150007544,0.081562062
Rare,0.743330072,-0.762462719,0.309999464,-0.698515906
Rare,0.740918861,0.245695147,-0.121497469,-0.435550205
sensitive,0.734744829,1.299126202,-1.005911012,
sensitive,0.720050938,-0.531165121,-0.303778911,0.599472725
Rare,0.718929867,0.559436724,1.205285957,1.463650665
sensitive,0.717596025,-0.992528765,0.439884451,0.261013561
Rare,0.717366828,0.368495067,0.673069344,0.381269998
Rare,0.717094123,-1.106106866,0.309999464,0.66434384
insensitive,0.716009898,-0.541091399,1.364295655,-0.352291257
insensitive,0.714260116,-1.098059121,0.958338539,-0.916797142
lover,0.712538428,-2.565246714,0.711969689,-2.007837153
lover,0.712510053,0.934419833,-1.116223849,-0.996871279
Rare,0.701018011,-1.515110766,-0.986678681,-2.068046378
insensitive,0.69735746,-0.402089726,2.332817368,-0.322292342
Rare,0.696716735,1.299126202,0.958338539,-0.736571615
insensitive,0.696043657,0.106506301,1.610086426,-0.507081437
lover,0.696014426,-0.19706389,-0.039828366,0.113471404
insensitive,0.687846834,1.242764524,1.610086426,-0.555439103
Rare,0.687278631,-0.428646979,2.579186639,1.199326966
Rare,0.686340667,0.413890009,0.105439799,0.6815301
Rare,0.684574926,0.959740523,-0.315682348,-0.347769565
insensitive,0.67970023,-0.096473974,0.699002907,-0.68066642
sensitive,0.674950858,-0.713594388,0.309999464,0.69091569
Rare,0.674811422,-1.266452497,-0.986678681,-1.036444108
Rare,0.667065128,0.044586862,-1.504668172,0.09954905
insensitive,0.665020361,1.282533962,1.610086426,0.37680042
sensitive,0.660506707,0.505349065,1.982195599,0.134574904
insensitive,0.656070238,0.392996133,-1.116223849,-0.634878569
Rare,0.653250263,-0.241388653,0.491534404,0.232977655
insensitive,0.649729847,0.948320522,0.309999464,0.273863391
Rare,0.648995226,0.363727292,-0.857010866,
Rare,0.647345986,0.475143946,-0.711782907,-0.435550205
Rare,0.64652092,0.35299552,1.333065601,1.014992065
Rare,0.644319286,-1.110712497,0.491534404,1.645151809
sensitive,0.643630841,0.800024717,-0.296234003,0.486303791
Rare,0.641148909,-2.033661426,1.152841,-0.785714173
insensitive,0.640531013,-0.523184005,0.181110961,-0.867099835
sensitive,0.639299436,0.439899641,1.53536031,0.159002202
Rare,0.636176717,-1.506970827,-0.657012897,-0.03762899
sensitive,0.634523971,-1.11540267,0.472084739,0.318128264
Rare,0.633279199,-1.790916077,-0.623608579,0.305532082
insensitive,0.619125316,-0.099835811,0.569335092,0.712472435
sensitive,0.619107722,-0.830185682,-0.066037198,-0.43249824
lover,0.617872227,-1.268679517,0.271099119,0.373914591
sensitive,0.61592161,1.168468,1.00260065,0.638742058
sensitive,0.61583386,-0.720993466,2.190182773,0.697761256
Rare,0.613760667,-2.59153033,0.452642017,0.35591586
sensitive,0.613669989,-0.508151284,-0.156804668,-0.122534371
sensitive,0.612899934,-0.000390735,0.293824612,0.592113607
insensitive,0.606080733,-1.135054304,0.206265544,-1.04087175
Rare,0.605662473,-0.38446496,0.984272099,0.306232759
Rare,0.60432701,-0.731916435,0.491534404,-0.74163037
insensitive,0.597104029,-0.92416631,0.309999464,-0.006088771
Rare,0.59463565,0.815812673,-1.286211332,-0.347769565
Rare,0.592940747,-0.000390735,1.610086426,0.984145119
Rare,0.588859937,-0.257611726,-0.735123083,-0.441019021
insensitive,0.588047838,-1.152874397,-0.468007406,0.389481261
insensitive,0.584557717,-1.517211175,-0.039828366,-2.856879173
Rare,0.580805969,2.07676072,-0.338184662,0.30594915
sensitive,0.576271969,-0.151459706,0.242531358,-0.550877288
insensitive,0.574144311,0.608699669,-0.303778911,-0.154043968
sensitive,0.571053855,-1.813834697,-0.325372827,0.698334399
insensitive,0.568744721,1.305758043,-0.523621087,0.236920119
Rare,0.564897808,-1.161366937,2.349384361,0.198400037
sensitive,0.564274902,-0.228660401,-0.066037198,1.808126218
Rare,0.562858121,0.484054043,-0.545808112,0.543301725
insensitive,0.560304768,-0.451362111,-0.72721909,-2.792484088
sensitive,0.559910585,-0.56160017,-0.066037198,-0.00405957
Rare,0.556901996,0.98729333,-1.544191403,0.008797901
Rare,0.550025922,3.320099158,1.08800635,0.084578161
Rare,0.546731958,-1.718530907,-0.167178094,0.174240103
Rare,0.544143958,-0.421290237,1.353631543,1.708562165
Rare,0.543006472,1.555820121,0.206265544,-0.805597196
sensitive,0.539944296,-0.154055215,0.333825667,0.381269998
insensitive,0.537221273,0.815010525,1.610086426,-0.033180796
Rare,0.520266638,-1.206271266,0.030565323,0.53574044
Rare,0.507279291,0.245695147,1.610086426,0.333164554
insensitive,0.506867931,0.498764084,1.083338309,0.03703314
Rare,0.503559058,1.585916736,1.86601931,0.345961579
Rare,0.503108894,1.507614336,0.463496848,1.085216049
lover,0.501158956,-0.504193779,0.569335092,-2.013675868
insensitive,0.499106116,2.346910136,1.586041488,-0.653771888
sensitive,0.498225763,-0.020433929,-1.004832173,0.247122954
Rare,0.493498171,-2.189934358,-1.168461579,-1.992925802
insensitive,0.488567212,0.145925495,1.399209105,0.176471558
sensitive,0.488519437,-0.950100414,-0.066037198,-0.980899945
Rare,0.478574128,0.363727292,-0.850527475,0.112555722
sensitive,0.476204762,-0.787260736,1.528876919,-0.980899945
Rare,0.474178862,-0.958169084,2.903355752,-0.567999359
sensitive,0.471210823,0.61760779,-0.039828366,0.398523155
Rare,0.466605061,0.104987875,-0.649542363,0.046480551
insensitive,0.465678121,-1.395969707,1.152841,0.198440991
Rare,0.465269318,1.195831214,0.309999464,0.381269998
sensitive,0.463177819,-0.78040504,0.309999464,-0.156542618
insensitive,0.454219018,-2.013858859,2.903355752,-1.347676234
Rare,0.452722472,-0.731916435,-0.857010866,-0.054920139
sensitive,0.449748657,-0.731916435,0.45522742,0.197573577
Rare,0.449748657,2.417860222,0.958338539,1.386265155
Rare,0.449748657,-0.420369885,0.491534404,-0.605249822
Rare,0.448337852,-0.713301727,-0.039828366,0.333999077
Rare,0.44822692,0.34535452,0.309999464,0.441158132
lover,0.446501351,-0.2174955,0.379880153,0.662749935
lover,0.445675889,0.484054043,-0.701409489,-2.633178181
insensitive,0.445224972,1.245939199,0.309999464,0.304584915
insensitive,0.444323618,1.35951722,0.929319093,1.195219535
Rare,0.437552112,-1.233047174,0.828918645,0.269131634
insensitive,0.437213609,-0.024609064,0.076597398,-1.123638598
insensitive,0.436866436,-0.901697476,0.699002907,1.119429494
lover,0.435308086,0.11986918,-0.311110431,-0.766651749
lover,0.433001438,0.534447291,-0.001203291,0.530885253
sensitive,0.41951924,1.299126202,0.309999464,-2.318869755
Rare,0.416964787,-0.889961085,1.26954129,-0.709020445
insensitive,0.416369152,-1.646872314,0.61277953,-0.385830438
insensitive,0.41500171,-0.64693098,-0.597675237,0.177961483
Rare,0.41251213,-1.894590368,2.190182773,-0.714788869
sensitive,0.404011961,0.341457079,0.309999464,-0.883157801
sensitive,0.403055821,-0.133202082,-0.039828366,-0.459030118
Rare,0.402778437,-0.504653326,-0.701409489,-0.104956792
sensitive,0.397011145,-0.244694228,1.058911749,1.15365629
insensitive,0.392503647,-1.106106866,1.08800635,-0.429147281
insensitive,0.388657905,-0.825171732,1.610086426,1.088526654
sensitive,0.387370089,1.146748076,1.230632441,-0.663486487
insensitive,0.385928598,0.215790194,1.95801849,0.515032454
Rare,0.380497758,0.584507812,-0.909931671,1.114880299
Rare,0.371193997,-1.210330661,0.050909133,0.258508195
sensitive,0.370739413,0.484054043,0.309999464,0.182144865
insensitive,0.370299628,0.885636347,0.309999464,0.091841502
lover,0.368271169,-1.2564309,0.309999464,-2.14487456
insensitive,0.367830919,-1.065491175,0.595268661,0.296061722
Rare,0.365757649,-1.081200185,0.699002907,-0.094432553
Rare,0.364046408,0.393525115,-0.986678681,-0.089180566
Rare,0.359528807,-0.514353269,1.610086426,0.252301645
Rare,0.357968941,0.059850201,2.360440763,0.113470053
insensitive,0.355939957,-1.004554761,0.564796719,0.972150521
Rare,0.350310173,-1.135054304,-0.863494257,0.239020508
sensitive,0.34680041,-0.49000703,-0.44207386,0.197573577
Rare,0.345958458,-1.668284024,1.391988494,-0.558578977
Rare,0.338380273,0.19001961,-0.654880004,-0.008561442
Rare,0.333338471,0.515164761,0.044180444,0.361029852
sensitive,0.219508831,1.006688103,0.309999464,-0.161715203
Rare,0.217850398,-0.39738546,0.374835131,-0.327070381
Rare,0.216537986,1.252034084,1.610086426,1.618339252
insensitive,0.216265348,0.191689876,0.599122324,1.206145361
Rare,0.209041349,0.484054043,3.552159663,1.560140543
insensitive,0.203704931,-1.702051288,0.011766327,0.33492158
Rare,0.2030371,-0.731967321,-0.815517166,
insensitive,0.197854788,-1.647273186,0.35394031,-1.865135608
Rare,0.194228358,0.115450999,-0.845190636,-0.834932381
Rare,0.191318374,0.210062804,-0.104937543,-2.020970013
sensitive,0.188799469,0.009630862,0.180331649,0.234008025
insensitive,0.184871809,-0.71415108,1.256574509,1.128327289
Rare,0.178598394,-2.442240989,-1.336781372,0.374701751
Rare,0.178020399,0.845532969,-0.909931671,-0.015254951
insensitive,0.175317687,-0.007182479,1.058911749,0.683010445
sensitive,0.174633738,0.731853965,0.958338539,0.506205907
Rare,0.172780993,0.215790194,-0.688442707,0.515032454
lover,0.172611836,-0.731967321,0.706000651,-1.418616121
sensitive,0.171140723,-0.230887467,1.062072787,-0.011165979
sensitive,0.169907932,0.815812673,1.334375398,1.403527292
insensitive,0.166818013,-1.506970827,0.465600841,0.096514035
insensitive,0.155967846,0.864807146,0.281958542,-0.283837557
Rare,0.154882212,1.559637876,0.958338539,1.085822098
Rare,0.152556258,-0.085703371,1.610086426,0.618556099
insensitive,0.149112294,0.414407938,0.405957895,0.333432434
sensitive,0.145203822,-0.111145078,0.530434748,0.56798454
lover,0.144861294,-0.037136028,0.674931617,-0.054818408
insensitive,0.143319249,-1.037602433,0.569335092,-0.039285512
sensitive,0.142642456,-0.438000473,0.530434748,-0.126115912
sensitive,0.137611066,1.031833763,0.582301874,-0.530776783
Rare,0.136041741,-0.952315419,-0.72721909,1.34923351
sensitive,0.117117103,-1.157307321,0.009170134,-2.015536238
sensitive,0.112951738,-0.62061624,0.510984644,-0.448026439
Rare,0.109301198,0.764591175,-0.117904248,1.114880299
sensitive,0.107607936,-0.635612371,0.944594786,-0.094432553
lover,0.107038451,-1.181904985,-0.633463548,-0.517029239
lover,0.106515961,1.142071331,0.309999464,0.343739954
Rare,0.105296351,1.61308681,-0.116607646,-1.034500192
sensitive,0.103979168,0.11949726,0.893504628,-1.712879589
lover,0.10285522,0.958348803,-0.027136846,0.948340668
sensitive,0.100611062,-2.158374487,0.491534404,-0.413270377
lover,0.098139828,-1.831002466,0.651569758,-1.044779358
Rare,0.090734262,-0.214964359,-0.72721909,0.494212982
sensitive,0.089030916,-0.731916435,1.113939913,0.305532082
lover,0.088328734,0.573512724,1.586041488,0.197573577
insensitive,0.087550942,1.096888131,1.610086426,-0.594838935
Rare,0.074239413,0.115450999,0.109014351,
Rare,0.073709371,0.484054043,2.514434509,2.563633821
sensitive,0.07279373,0.363727292,-0.907468841,0.112555722
Rare,0.072648919,0.484054043,0.387800152,-0.802666457
sensitive,0.070349639,0.354866917,0.309999464,0.156720888
Rare,0.067924113,-1.157307321,-1.144074985,-2.583127166
Rare,0.067162059,0.483986462,0.309999464,0.605316022
insensitive,0.0607399,0.199288139,1.230632441,1.597225868
insensitive,0.060704756,-0.060253497,0.699002907,0.502068597
lover,0.059841752,0.412725523,0.128464523,-0.71873558
Rare,0.059173757,1.031833763,0.074011836,2.125188535
Rare,0.059173757,-1.515110766,1.610086426,1.02644315
Rare,0.058058352,-1.41444388,-0.741890352,0.68397771
Rare,0.056504792,0.412725523,1.451076727,0.306232759
lover,0.056269158,1.088145592,2.432336902,-0.74326096
Rare,0.056148753,1.062557072,0.414597163,0.472950543
insensitive,0.05099687,1.265396213,1.528876919,-0.037446603
sensitive,0.050979051,-0.250930661,-0.654880004,0.15621554
lover,0.047049332,-0.731916435,0.463496848,0.54656001
insensitive,0.046155287,0.363727292,-0.701409489,0.381269998
Rare,0.040846429,0.153932908,-0.143837887,0.086703555
insensitive,0.040808848,0.475144117,0.309999464,-0.612936859
Rare,0.035758732,0.557539566,-0.401522877,0.112555722
Rare,0.034642337,1.132049735,-0.72721909,0.193204654
insensitive,0.033616197,-0.233114486,1.364295655,0.549530784
lover,0.019531949,-0.100606705,0.374835131,-0.597436055
Rare,0.018627112,0.584507812,-1.635017096,1.114880299
Rare,0.017749813,-0.647556778,1.243607727,1.395859351
Rare,0.016997398,1.512029014,-0.986678681,0.275129598
lover,0.016177029,-1.522902064,1.152841,0.293221757
lover,0.015910301,0.345525736,-0.383723344,0.106307727
Rare,0.01554782,-0.950100414,-0.286472483,-0.980899945
insensitive,0.01554782,0.437647923,2.255016721,0.943866305
sensitive,0.013201862,-0.02619007,0.958338539,-0.444879858
insensitive,0.012645913,-1.501501429,1.081935852,0.275218791
Rare,0.011375158,0.484054043,0.050909133,0.377330092
insensitive,0.01031247,1.499508293,-0.949439066,-0.435550205
Rare,0.009376841,0.737866917,-0.043507672,-0.13395422
Rare,0.004272323,-1.540376129,0.504502172,-0.049301162
sensitive,0.000505738,-0.253148929,0.958338539,-0.023857222
Rare,0.000271744,-0.700432286,0.452642017,-0.094432553
Rare,-0.00210184,-1.414503755,1.632611171,0.198400037
lover,-0.006123876,-1.008555429,2.903355752,-0.480534271
insensitive,-0.009419874,1.208663544,1.253416127,0.464239213
sensitive,-0.01180335,0.995087912,0.699002907,0.30871164
insensitive,-0.013087759,-0.701333423,0.61575617,0.19122504
Rare,-0.015842408,-1.455442895,-0.3976337,0.440832194
insensitive,-0.016945346,0.170028207,-0.040103635,-0.846163858
Rare,-0.020625295,-0.192137292,0.569335092,0.642344488
insensitive,-0.020625295,0.886906747,-0.72721909,0.361925979
lover,-0.023389149,-0.010669299,1.610086426,0.385837959
insensitive,-0.026340948,0.240127596,-0.338184662,0.441361916
Rare,-0.026894835,0.156614286,0.958338539,-0.094451087
insensitive,-0.030960778,0.159533845,0.309999464,1.204365031
insensitive,-0.041691041,-0.237567441,-0.597675237,-0.366964319
sensitive,-0.045654135,-0.931085384,0.662237469,1.02644315
Rare,-0.050839829,1.777757963,3.027755169,1.310078528
Rare,-0.052146372,2.417860222,0.309999464,0.357076232
Rare,-0.052893303,-1.934558969,2.903355752,-1.585459938
Rare,-0.06169116,2.43485793,-0.014170073,0.275129598
insensitive,-0.06468978,0.897696911,0.463496848,1.25388982
insensitive,-0.06506527,-0.927945216,-0.143837887,-0.694959565
Rare,-0.065628575,-0.663307121,0.880537847,-0.397957587
Rare,-0.0797577,-1.60145236,-0.143837887,-2.015536238
lover,-0.081835547,-0.856680531,-0.130871106,0.285354224
insensitive,-0.086092408,-0.210844269,1.470526403,-0.435550205
lover,-0.099495663,-1.216152419,1.713407743,1.144815875
lover,-0.099495663,-0.053839177,-0.986678681,-0.127256291
sensitive,-0.100067564,-1.144075723,0.062095454,0.366863995
Rare,-0.100448911,0.87148821,-0.699688657,-2.754990785
Rare,-0.10464793,0.484054043,-0.286472483,-0.306517758
Rare,-0.10646353,-1.592711155,0.232198775,1.575251805
Rare,-0.111344107,1.733345558,-0.50690725,-0.898818596
Rare,-0.112302327,-0.103947238,1.333065601,
sensitive,-0.113042186,-0.100844257,0.662237469,-0.089117163
Rare,-0.113042186,-1.565282971,0.050909133,-0.049301162
Rare,-0.114360142,-0.466951736,-0.468007406,0.285369961
sensitive,-0.123439556,0.800024717,0.128464523,-0.996871279
Rare,-0.124437746,0.236787063,2.903355752,2.276675111
Rare,-0.126723771,-0.420369885,0.309999464,-0.605249822
sensitive,-0.129345736,-1.436215437,-0.338184662,-0.013478515
Rare,-0.13265538,1.205551236,0.206265544,0.554227803
sensitive,-0.133098143,1.088622813,-0.088991888,0.285354224
Rare,-0.134646126,1.35252487,0.463496848,0.113471404
Rare,-0.13626806,0.801594006,-0.338184662,1.213045564
Rare,-0.140072327,-0.41294648,-0.934811555,-0.811588165
lover,-0.140848561,0.178327746,-0.948815679,-0.925817795
sensitive,-0.147453666,-0.41484472,0.271099119,0.20299963
Rare,-0.148625341,-2.221844735,2.552085643,-1.808674107
sensitive,-0.150183882,-0.829912892,-0.419770996,0.535849129
insensitive,-0.150365143,-0.515500824,0.076590025,-0.861269113
insensitive,-0.154249291,0.255008178,0.076597398,1.174925358
Rare,-0.156624101,0.090058466,1.295474853,0.613005624
insensitive,-0.157452557,0.48213371,0.048070507,0.284540457
lover,-0.159753167,-1.596051688,0.232198775,-0.612197302
Rare,-0.16477884,-0.905675,2.282506988,-1.886689606
lover,-0.180789681,0.198719612,0.309999464,0.006754181
Rare,-0.182963326,-0.952442456,0.439884451,-0.35159078
Rare,-0.184280963,-1.023384653,0.10253096,
Rare,-0.185732777,0.978385246,0.958338539,1.516350004
insensitive,-0.191083354,-0.885631809,0.890238645,-1.082282357
Rare,-0.191281765,-0.043628871,0.452642017,0.315722045
Rare,-0.192472588,0.31951786,0.10253096,1.655633543
lover,-0.192822063,0.263511322,-0.661860632,-0.582100805
sensitive,-0.194061243,0.831406101,0.880537847,0.048703529
insensitive,-0.202420313,2.366467893,1.08800635,-0.408177316
insensitive,-0.202765176,0.272608739,0.595268661,0.478543077
sensitive,-0.203044576,1.334107673,-0.72721909,1.076696972
Rare,-0.208938313,-0.050386986,-0.654880004,1.32351169
Rare,-0.210073744,0.012637342,-0.868421626,0.119349251
lover,-0.213040637,0.474701209,-0.326539837,1.32316736
insensitive,-0.219123709,-0.027114993,0.880537847,-0.02614884
Rare,-0.222647729,1.547946012,1.364295655,
lover,-0.227330553,0.0851337,0.465860303,0.268180209
Rare,-0.228892214,-0.446499038,0.195891787,-1.432475076
Rare,-0.230102797,-0.617251521,2.255016721,1.376388604
sensitive,-0.230844341,0.096484704,-0.055177329,-2.792484088
insensitive,-0.233334155,2.17429583,-0.72721909,1.114880299
Rare,-0.235025926,1.0712976,-0.338184662,-0.325017905
Rare,-0.235153803,-0.037136028,-0.390197335,-0.32759248
Rare,-0.235662948,0.341457079,0.971305317,0.350856004
Rare,-0.2372648,-0.798260112,0.309999464,-0.898133967
sensitive,-0.239000044,0.188906097,0.309999464,-0.36602576
Rare,-0.2426287,0.300000145,-0.468007406,0.566806087
Rare,-0.243664699,0.557539566,-1.655764603,0.112555722
sensitive,-0.254188772,-0.420264992,0.232198775,-0.045945251
sensitive,-0.258941991,-1.515110766,1.243607727,-2.503754507
lover,-0.280090587,-0.857571337,-0.055177329,-0.622454952
Rare,-0.28050319,0.367902964,-0.527634098,0.144154783
Rare,-0.282093313,1.365886999,0.958338539,0.543301725
Rare,-0.282093313,0.537844279,-0.758463327,0.247860924
Rare,-0.285270639,0.484054043,0.569335092,0.509507559
Rare,-0.286494204,0.484054043,0.050909133,0.398523155
Rare,-0.290842347,-0.497140084,-0.615084632,-0.054920139
sensitive,-0.292803952,1.299126202,-0.065518527,0.218258086
insensitive,-0.29312325,-1.196608914,0.599122324,-1.589086221
Rare,-0.297068361,-0.425286855,-0.986678681,0.948340668
Rare,-0.297068361,-1.055464474,0.206265544,0.267240115
insensitive,-0.301222543,1.062557072,-0.130871106,0.094364225
sensitive,-0.304770539,0.584507812,0.472084739,1.114880299
sensitive,-0.30706539,-1.027136759,0.154398087,-0.618469298
insensitive,-0.311383166,0.048597989,0.309999464,0.298936164
Rare,-0.313042197,0.45632353,0.569335092,-0.843467835
lover,-0.316889189,0.584507812,-1.401615686,1.114880299
sensitive,-0.319203754,-1.202103261,0.180331649,0.37426256
insensitive,-0.319728411,-0.047304117,0.309999464,-0.554014599
Rare,-0.320445755,1.74975379,2.255016721,0.406313151
Rare,-0.32322928,0.907934246,0.439884451,0.357076232
lover,-0.32322928,0.09815497,-0.471729932,0.05785969
Rare,-0.324244669,-0.504944742,-0.338184662,0.09954905
lover,-0.325294192,-0.22086587,1.295474853,1.705512126
Rare,-0.326348549,-0.118062435,-1.005911012,0.403484889
sensitive,-0.332377536,-1.78497181,1.152841,-0.664151613
Rare,-0.334784802,2.049025866,-0.151099282,-1.121596018
insensitive,-0.335682893,-0.226830369,0.958338539,1.255425661
insensitive,-0.342403344,0.484054043,0.129501872,0.697760744
Rare,-0.349226236,0.512394511,-0.338184662,0.53574044
Rare,-0.349834681,0.392996133,1.338265742,1.114880299
Rare,-0.350641969,0.396936281,-0.868859443,0.091125402
Rare,-0.351004662,0.096484704,1.610086426,1.465097129
Rare,-0.351749342,0.800024717,0.958338539,1.470027318
Rare,-0.355794206,0.148709294,0.284065901,-0.304145261
sensitive,-0.360279306,-0.266103499,1.333065601,0.599472725
Rare,-0.365618659,2.065635167,2.903355752,1.655633543
sensitive,-0.366697608,-0.054417337,0.958338539,0.543301725
sensitive,-0.378720941,0.584507812,0.160589467,1.114880299
lover,-0.378720941,-0.257611726,0.699002907,-0.006694368
Rare,-0.380019057,0.895488125,0.491534404,0.67097993
insensitive,-0.381744098,1.198860689,1.139876788,-0.712970916
sensitive,-0.382391166,1.395010242,0.958338539,0.698334399
Rare,-0.385845293,0.763660563,1.610086426,1.655633543
Rare,-0.38606135,-1.16318324,-1.641501143,-0.049301162
lover,-0.38606135,-0.253342733,0.284065901,-0.90695256
sensitive,-0.389203368,0.296594692,0.139330944,0.057264108
sensitive,-0.389203368,0.967825163,-0.947575262,1.114880299
Rare,-0.390045072,-0.053261226,0.958338539,-0.685054006
sensitive,-0.390963595,0.468397308,-0.465673402,0.316022887
Rare,-0.392335881,-1.268069759,-0.519874548,0.341451965
Rare,-0.396890283,-0.455703157,0.050909133,0.68601248
Rare,-0.399062239,1.299126202,-0.72721909,0.558025802
Rare,-0.400149849,2.301818463,-1.141589156,-0.557797345
Rare,-0.406680377,1.031833763,-0.143837887,0.486303791
Rare,-0.409660156,-0.638432415,0.258132338,-0.00681438
sensitive,-0.409953082,0.03301459,-0.468007406,-0.563088159
Rare,-0.420985329,-9.74896E-05,0.958338539,-0.5241243
Rare,-0.425727613,-0.463388867,-1.051512588,
insensitive,-0.428829774,0.867034165,-0.362198486,-1.150748786
Rare,-0.430943002,-2.20848234,1.580830138,-0.835237383
Rare,-0.433794062,0.965023116,-1.06862797,-2.068046378
Rare,-0.436737742,0.065090458,-0.72721909,-0.094291159
Rare,-0.437335997,-0.528234185,-0.597675237,1.068508575
Rare,-0.438949163,0.013038737,2.255016721,1.183245735
Rare,-0.454649383,-0.814231678,-0.893734589,0.968191266
insensitive,-0.46183977,-1.442387199,1.610086426,0.237374421
sensitive,-0.46277595,-0.401254295,0.309999464,-0.50389582
sensitive,-0.464228312,-0.497140084,0.309999464,0.49738571
sensitive,-0.47919967,1.431584134,0.309999464,-0.054920139
Rare,-0.479784851,-0.613879502,-0.805142981,-0.5241243
sensitive,-0.479942653,2.187767785,-0.44207386,0.160824442
Rare,-0.486773973,1.740026623,2.691936733,1.065875649
Rare,-0.491091883,1.617302582,1.684478296,
insensitive,-0.49378393,2.217428281,-0.36711721,-0.712045938
sensitive,-0.497144338,-0.103695468,0.309999464,-0.459030118
sensitive,-0.498999726,2.771350819,0.076597398,-0.493935949
Rare,-0.499681703,0.296916645,-0.493940986,0.543301725
Rare,-0.499681703,0.096484704,-0.468007406,-0.493935949
lover,-0.501145039,-0.382166807,0.463496848,-0.513091038
Rare,-0.501270947,0.484054043,-1.03854564,0.476362145
lover,-0.501270947,-0.030455526,0.309999464,-1.822756578
Rare,-0.502877543,0.104987875,0.115497742,0.046480551
Rare,-0.504255541,-0.257611726,-0.338184662,-0.5241243
Rare,-0.506047869,-0.082060307,0.309999464,0.462979443
insensitive,-0.507387649,0.312031107,0.048070507,-0.003884343
sensitive,-0.514945865,-0.511492185,0.569335092,-0.103784352
Rare,-0.514945865,-0.635612371,-0.416140297,-0.094432553
Rare,-0.515174012,-0.830185682,,1.672914601
sensitive,-0.516775384,-0.846658934,0.439884451,1.318324205
insensitive,-0.527093798,0.20804717,0.828918645,-2.547271969
Rare,-0.532385691,-0.853180914,-0.649542363,1.308450908
Rare,-0.534459777,0.032049766,0.050909133,2.125188535
insensitive,-0.535382192,-0.842204888,0.958338539,0.706998652
Rare,-0.53895539,0.292299759,-0.416140297,1.114880299
Rare,-0.543932258,0.931825307,0.309999464,0.407847783
Rare,-0.544163785,-0.525139268,-0.16977145,1.085216049
sensitive,-0.547318566,-1.479980805,0.309999464,0.045262884
Rare,-0.550424978,-0.438000473,0.10253096,0.082442647
lover,-0.550424978,-1.835679211,0.958338539,-1.845241838
Rare,-0.55116196,-0.482540907,2.255016721,1.405916305
sensitive,-0.552739647,1.563289773,1.256006827,0.500779849
Rare,-0.552979238,-1.714083833,,
lover,-0.555072098,0.87148821,0.309999464,-2.754990785
Rare,-0.565097847,1.233114924,-0.315518073,-0.450978988
sensitive,-0.594680058,0.597564558,1.610086426,0.633701428
Rare,-0.600323027,0.233940775,0.309999464,0.234008025
Rare,-0.608666391,-0.203706958,-1.764685567,0.592113607
Rare,-0.610885131,0.571859866,0.358564315,-0.796002421
Rare,-0.615419156,1.766750882,1.610086426,1.177813336
Rare,-0.619722861,1.072907659,1.610086426,0.081964494
Rare,-0.619962194,-0.117309367,0.875922109,0.333999077
sensitive,-0.620680341,-1.264002771,0.913578429,-2.107540879
sensitive,-0.63220119,-1.115487005,-0.338184662,-2.01192635
sensitive,-0.637019162,-0.202160933,0.193298431,0.532983924
Rare,-0.641404129,-1.013335658,-0.001203291,0.357076232
insensitive,-0.641937885,-0.110233384,0.569335092,0.447325694
sensitive,-0.644022868,-1.432957157,0.972601996,-0.714788869
Rare,-0.649835309,1.284364245,4.20004046,1.39886125
Rare,-0.652989897,-0.718605191,0.439884451,0.389210247
Rare,-0.653961411,2.304623786,1.480309365,0.246708999
Rare,-0.654933347,-0.912356068,-0.986678681,-0.049301162
sensitive,-0.656148843,0.447665472,0.180331649,0.372534554
sensitive,-0.659068674,-0.810231223,0.248260523,-0.094432553
Rare,-0.661042891,1.385128025,-0.690023227,0.287967493
insensitive,-0.665261075,0.01631717,0.828918645,0.599472725
Rare,-0.779799659,0.512394511,-1.03854564,0.381269998
Rare,-0.781854014,0.60139099,-0.325372827,0.091799247
Rare,-0.788801029,-0.103965227,0.309999464,0.948340668
Rare,-0.789058831,0.096484704,-0.416140297,-0.792587973
sensitive,-0.79680356,1.255340547,0.463496848,1.176670019
Rare,-0.801945181,1.299126202,-0.040103635,-0.05568421
insensitive,-0.802694189,1.013359345,0.309999464,-0.541062098
Rare,-0.803277604,-0.916364707,1.610086426,1.02644315
sensitive,-0.808922827,-0.731916435,-0.717617965,0.065211489
Rare,-0.817062658,0.073058146,-0.014170073,
sensitive,-0.819290678,0.800024717,0.361866589,0.397538399
Rare,-0.819290678,0.43383727,-0.027136846,1.289120353
Rare,-0.820195593,0.497348586,-0.958100491,0.567984693
Rare,-0.824380343,0.367545046,-0.908877992,1.493990659
Rare,-0.828703037,0.800024717,-0.688442707,-2.947685769
Rare,-0.833028193,0.441525225,0.662237469,1.300364901
Rare,-0.839018582,0.557539566,-0.909931671,0.112555722
insensitive,-0.841192985,1.062557072,0.348899808,0.336223033
sensitive,-0.849032857,0.093144171,0.569335092,-0.465664903
lover,-0.853884112,-0.704059128,-0.528201878,-0.463669768
Rare,-0.856801733,0.512394511,-1.306608905,0.381269998
Rare,-0.856801733,-0.126945039,0.076597398,-2.068046378
sensitive,-0.865180163,-0.184052429,-0.645611856,-0.291599058
lover,-0.878943542,-0.453032869,0.912436129,-1.606999245
Rare,-0.87995921,0.195088045,0.615311112,-0.366545073
sensitive,-0.880820706,-1.115311025,0.050909133,0.95835621
lover,-0.880820706,0.296916645,-0.594518042,0.94583675
Rare,-0.882174871,-0.638432415,-0.604466948,0.543434123
insensitive,-0.882967926,1.967286108,0.543401529,1.708562165
insensitive,-0.885385961,0.746640347,0.10253096,0.44219883
sensitive,-0.88646086,-0.484155967,-0.338184662,0.535849129
Rare,-0.889960352,-0.250930661,0.439884451,1.179157191
sensitive,-0.892994295,1.2472981,0.050909133,0.211312022
Rare,-0.902655041,-1.155257033,0.180331649,-0.094432553
sensitive,-0.90967476,1.031918245,0.102016295,-0.832601496
sensitive,-0.911174741,-0.685199868,0.569335092,-1.413067617
Rare,-0.913490668,-0.752010515,0.504502172,-0.05568421
Rare,-0.91542058,-0.70207921,-1.418213167,0.112555722
sensitive,-0.922282301,0.046425061,-0.435590469,0.05725624
insensitive,-0.925241798,-1.637251011,0.950558467,-1.380961521
Rare,-0.930872361,-1.014073154,3.266425633,1.572854546
lover,-0.933833952,1.299126202,-0.986678681,-0.605475582
sensitive,-0.935099341,0.905835243,0.958338539,0.398523155
Rare,-0.938938932,,-0.338184662,-0.93219399
sensitive,-0.940323262,0.857545836,0.309999464,-0.863502572
Rare,-0.946404847,0.196700674,0.361866589,-2.444816315
Rare,-0.94996515,0.31951786,-0.046587026,-0.507272215
Rare,-0.954704848,-0.187460488,-0.817397488,1.045213256
Rare,-0.96386285,-1.034505095,-0.738820472,-0.049301162
Rare,-0.98230257,0.564159234,0.245165556,-0.094291159
sensitive,-0.98679425,0.769607612,-0.715932278,1.063395036
Rare,-0.994957983,-1.533695086,-0.995742853,1.806055516
lover,-1.003150967,0.475143946,0.305398603,-3.051994355
Rare,-1.004756372,-0.927945216,0.206265544,0.33095613
Rare,-1.010935338,-0.68654202,0.309999464,1.950496111
sensitive,-1.011372631,-0.61838922,0.705014957,-1.080822205
sensitive,-1.019055358,1.389646864,-0.338184662,1.464073498
Rare,-1.022192658,0.512394511,-0.71437128,-0.398056903
Rare,-1.025048354,-1.117530199,0.387800152,2.113883846
Rare,-1.025048354,-0.126945039,0.569335092,-2.068046378
Rare,-1.025048354,0.314734281,0.309999464,
Rare,-1.02647754,1.198860689,-1.530623589,0.462825441
Rare,-1.031826144,0.174987214,-0.564371412,0.247860924
Rare,-1.032203237,0.104987875,-1.635017096,0.046480551
sensitive,-1.0324899,-1.397846766,-0.625164648,-0.363198293
sensitive,-1.041969958,0.066419913,0.854604364,1.378512915
Rare,-1.050856232,-1.227346182,-1.116223849,-0.057725896
Rare,-1.056843597,0.784634573,2.203206963,2.341994005
Rare,-1.079344781,0.218158692,-0.909931671,0.295999103
Rare,-1.080505344,-0.695392921,0.634358488,-0.853099913
insensitive,-1.081080392,-1.557078807,0.309999464,-2.491701508
Rare,-1.082338372,0.965023116,0.660102562,-0.53821784
insensitive,-1.082923733,-0.241388653,0.439884451,-0.62044114
insensitive,-1.084971181,1.552956811,0.050909133,-0.598817188
sensitive,-1.088695829,0.377137111,0.440971068,0.543301725
Rare,-1.094677601,0.608498935,-0.338184662,1.422622043
sensitive,-1.09998523,1.576597504,-0.468007406,-0.912757942
Rare,-1.10886156,0.300000145,0.379880153,0.566806087
insensitive,-1.111827733,0.156614286,0.439884451,-0.007091797
sensitive,-1.112994837,-1.186279721,-0.688442707,
sensitive,-1.115100133,1.499508293,0.333825667,-0.544765517
Rare,-1.120451291,-0.126217434,0.050909133,-0.426980977
sensitive,-1.123432173,-0.497140084,-0.964708257,-0.033651067
Rare,-1.126761335,0.584507812,-0.039188184,0.177380911
Rare,-1.133449859,0.296916645,0.958338539,1.124643806
insensitive,-1.136052008,-0.760440698,0.309999464,-0.459134562
Rare,-1.145905084,1.299126202,0.258132338,0.245564394
Rare,-1.157090277,0.512394511,-0.724685532,0.381269998
Rare,-1.157090277,0.413835283,1.082560302,0.983641539
Rare,-1.157266249,1.461648924,0.309999464,-0.402749386
Rare,-1.164975079,0.782407619,-0.89696489,1.699023744
Rare,-1.165122029,-1.034505095,-1.331137479,0.059038689
Rare,-1.16587835,0.842645742,-1.530623589,0.578870599
Rare,-1.182662873,-1.238414204,-0.649542363,-0.059039353
Rare,-1.19401839,-0.126945039,-0.889427326,-2.068046378
sensitive,-1.201723093,0.789645173,0.569335092,-0.143859178
Rare,-1.204194094,0.315289574,-1.006128852,-0.433295862
Rare,-1.209453853,-0.504653326,-0.93488466,-0.018139337
sensitive,-1.220321029,0.239292462,-0.72721909,0.111482382
Rare,-1.233743242,-0.650971039,0.569078956,-1.662599286
Rare,-1.2360677,0.085153306,-1.04191717,-0.844691357
Rare,-1.246300173,-0.39346004,1.230632441,1.025552632
Rare,-1.246898173,0.851445016,-0.401797208,0.578870599
Rare,-1.250080742,-0.912356068,-0.104937543,-0.054920139
lover,-1.259038357,0.497348586,-0.039828366,0.01834384
Rare,-1.26494788,0.296916645,-1.064479369,-0.32759248
Rare,-1.26590076,-0.037136028,-0.725138699,-0.112591292
sensitive,-1.281121242,0.343684099,-0.027136846,0.377330092
insensitive,-1.296297907,1.502848826,0.958338539,0.245564394
Rare,-1.296953592,-0.540443463,-0.946402029,0.593812455
insensitive,-1.313704278,0.139914121,1.133390174,-0.290756536
insensitive,-1.326382746,0.484054043,-0.299439259,-0.385265099
Rare,-1.332302758,0.40016946,-1.513867583,0.191334707
Rare,-1.333059675,-0.731916435,-1.504668172,
Rare,-1.34504197,0.287563222,-0.055177329,1.077936996
Rare,-1.346353027,1.132049735,-0.055177329,1.344463305
Rare,-1.349976012,-1.456862842,0.050909133,0.271875154
lover,-1.350965911,-0.126945039,-0.571741671,-2.068046378
Rare,-1.356905253,0.363727292,,0.032860505
Rare,-1.365090416,-9.74896E-05,-0.338184662,-0.5241243
Rare,-1.366758746,-0.488583288,1.610086426,1.22244564
Rare,-1.380843231,-0.887858828,-0.493940986,0.08571812
sensitive,-1.386835636,0.252932971,-0.459530585,-0.127256291
Rare,-1.389057702,1.036931093,-0.584708456,2.125188535
insensitive,-1.394998813,-0.134144297,1.353631543,1.043687251
Rare,-1.400264863,-0.740465886,-0.493940986,0.002969025
Rare,-1.40329569,1.299126202,-1.530623589,0.245564394
Rare,-1.411065337,-1.105209898,-1.054097957,-0.664151613
Rare,-1.426680967,0.393525115,0.309999464,-0.089180566
sensitive,-1.430430996,0.60691812,-0.558774893,1.112650228
Rare,-1.431796171,-0.638432415,-0.519072448,
sensitive,-1.43384488,-0.166303839,0.958338539,0.295572513
insensitive,-1.445148576,0.374666094,0.699002907,0.697760744
sensitive,-1.450994705,-1.041963654,-0.649542363,1.206313753
Rare,-1.506400352,1.036653279,-0.338184662,1.319274142
Rare,-1.510283644,-0.126945039,-0.986678681,-2.095428485
Rare,-1.514880575,1.011516774,0.569335092,1.144815875
Rare,-1.529334612,-0.90639574,-0.91771098,0.032860505
sensitive,-1.535865312,-0.545048666,-0.933774212,0.511168045
Rare,-1.541334567,0.196700674,-0.954002391,1.245166605
Rare,-1.545891584,-0.497140084,-1.484603088,-1.526236506
Rare,-1.550092078,0.013038737,-0.12438771,
sensitive,-1.55668303,-0.404595119,-0.697519452,0.055201194
Rare,-1.55668303,0.497348586,-0.571741671,0.01834384
Rare,-1.589365588,-0.90639574,-1.370229334,-1.506058818
sensitive,-1.593906067,-1.421470335,-0.338184662,0.152218395
sensitive,-1.593942978,0.047490231,-0.571741671,0.007782112
Rare,-1.597425172,-0.635612371,-0.050492027,-0.094432553
lover,-1.620298383,0.584507812,-0.040103635,1.114880299
Rare,-1.626237935,1.165455063,-0.060901963,-0.094432553
lover,-1.638851828,-0.25217694,-0.121497469,-2.068046378
Rare,-1.639420944,1.499508293,-0.71437128,0.976049029
Rare,-1.82372563,0.938298861,0.309999464,2.064323702
Rare,-1.853091052,-0.462410737,-0.857010866,0.561585844
Rare,-1.889645309,0.383770486,-1.836002865,0.372534554
Rare,-1.899092404,0.197117503,-0.908877992,0.372534554
Rare,-1.930745214,2.264415218,0.063630625,-0.033651067
Rare,-1.944674396,-9.74896E-05,0.463496848,-0.5241243
Rare,-1.961958044,0.512394511,0.10253096,0.381269998
sensitive,-1.97924268,1.136503779,-0.921844311,0.407512704
sensitive,-2.054823207,-0.384551956,-0.350813343,0.38246452
sensitive,-2.094445282,-0.126945039,-0.303778911,-2.068046378
Rare,-2.094900941,0.587542961,-0.757165068,0.599472725
sensitive,-2.099468887,-0.635612371,-0.111420933,-0.094432553
Rare,-2.099468887,-0.126945039,0.309999464,-2.068046378
Rare,-2.100840898,-1.431016841,-1.635017096,-2.015536238
Rare,-2.166666414,-1.502516782,0.050909133,-0.594001175
Rare,-2.187493379,-0.829912892,-1.064479369,0.535849129
Rare,-2.204245852,-1.546200984,-0.844044082,-2.856879173
Rare,-2.215822878,-0.037136028,-1.592227366,-2.165069957
sensitive,-2.238970387,-0.885631809,-0.535922146,0.357076232
Rare,-2.247239981,0.383770486,-0.72721909,0.081270123
Rare,-2.28706297,0.851445016,0.309999464,0.360740512
Rare,-2.321889308,0.096484704,-0.986678681,-0.802615176
sensitive,-2.340321328,-0.26003506,-0.039828366,-0.169125602
Rare,-2.349993692,0.512394511,0.309999464,0.381269998
Rare,-2.415630838,0.584507812,,1.114880299
Rare,-2.433639737,-0.601233123,-0.043718408,-0.853099913
Rare,-2.438934864,0.31951786,2.281019924,1.226059845
Rare,-2.536458694,-0.024612279,-1.306608905,-0.818600356
Rare,-2.561503193,0.602471305,1.139876788,0.355252748
Rare,-2.914821979,-0.193473505,-1.041657826,-1.343581772
sensitive,-2.921664339,-0.195660897,-0.433597058,1.094854567
sensitive,-2.979070857,0.455597199,0.154398087,1.125654322
Rare,-3.05517639,-1.206271266,-0.545808112,-1.560728473
Rare,-3.14048507,-0.921029112,-0.338184662,0.068328934
Rare,-3.624424885,1.299126202,-0.50690725,0.698334399
Rare,-3.654872332,0.763660563,0.491534404,1.655633543
Rare,-3.802394181,-0.701131469,-0.818110496,-0.018139337
